full_id,osm_id,osm_type,admin_level,boundary,natural,highway,lanes,maxspeed,name,oneway,surface,tiger:cfcc,tiger:county,tiger:reviewed,cycleway:both,name_1,tiger:name_base,tiger:name_base_1,tiger:name_direction_suffix,destination,destination:ref,ref,tiger:name_direction_prefix,tiger:name_direction_prefix_1,bicycle,cycleway,name:etymology:wikidata,old_name,tiger:name_type,lanes:backward,sidewalk,trolley_wire,alt_name,bridge,layer,name_2,old_ref,hov:lanes:backward,lanes:forward,tiger:name_direction_suffix_1,turn:lanes:backward,turn:lanes:forward,hov:lanes:forward,waterway,cycleway:left,cycleway:right,horse,motor_vehicle,lanes:both_ways,turn:lanes:both_ways,name:left,name:right,junction,centre_turn_lane,is_in,turn:lanes,border_type,lit,tunnel
w4963681,"4963681",way,"8",administrative,coastline,,,,,,,,,,,,,,,,,,,,,,,,,,,,,,,,,,,,,,,,,,,,,,,,,,,,,,
w6328791,"6328791",way,,,,secondary,"2",35 mph,South 43rd Street,yes,asphalt,A41,"King, WA",no,,,,,,,,,,,,,,,,,,,,,,,,,,,,,,,,,,,,,,,,,,,,,
w6342705,"6342705",way,,,,tertiary,"2",,146th Place Northeast,,asphalt,A41,"King, WA",no,no,Denny Road,146th,Denny,NE,,,,,,,,,,,,,,,,,,,,,,,,,,,,,,,,,,,,,,,,
w6345767,"6345767",way,,,,motorway_link,,,,yes,,A63,"King, WA",,,,Exit,,,Normandy Park,WA 509 South,WA 509,,,,,,,,,,,,,,,,,,,,,,,,,,,,,,,,,,,,,
w6353652,"6353652",way,,,,secondary,"4",35 mph,Southwest 43rd Street,,asphalt,A41,"King, WA",no,,South 180th Street,43rd,180th,,,,,SW,S,,,,,,,,,,,,,,,,,,,,,,,,,,,,,,,,,,,
w6376956,"6376956",way,,,,tertiary,"2",,155th Place Northeast,,,A41,"King, WA",no,,,155th,,NE,,,,,,,,,,,,,,,,,,,,,,,,,,,,,,,,,,,,,,,,
w6386110,"6386110",way,,,,secondary,"2",25 mph,Martin Luther King Junior Way,,,,,,,,,,,,,,,,designated,lane,Q8027,Empire Way South,,,,,,,,,,,,,,,,,,,,,,,,,,,,,,,
w6417385,"6417385",way,,,,residential,,25 mph,South 194th Street,,,A41,"King, WA",,,,194th,,,,,,S,,,,,,,,,,,,,,,,,,,,,,,,,,,,,,,,,,,,
w6431231,"6431231",way,,,,tertiary,"2",25 mph,North 145th Street,,asphalt,A31,"King, WA",,,,145th,,,,,,N,,,,,,St,,,,,,,,,,,,,,,,,,,,,,,,,,,,,,
w6439398,"6439398",way,,,,tertiary,"2",35 mph,130th Place Northeast,,,A41,"King, WA",,,,130th,,NE,,,,,,,,,,,"1",,,,,,,,,,,,,,,,,,,,,,,,,,,,,
w6457824,"6457824",way,,,,tertiary,,35 mph,130th Avenue Northeast,,,A41,"King, WA",no,,,130th,,NE,,,,,,,,,,,,,,,,,,,,,,,,,,,,,,,,,,,,,,,,
w6474592,"6474592",way,,,,residential,"2",25 mph,East Columbia Street,,,A41,"King, WA",no,,,Columbia,,,,,,E,,,,,,St,,,,,,,,,,,,,,,,,,,,,,,,,,,,,,
w6474773,"6474773",way,,,,tertiary,"2",25 mph,East Denny Way,,,A41,"King, WA",no,,,Denny,,,,,,E,,,,,,Way,,both,,,,,,,,,,,,,,,,,,,,,,,,,,,,
w6483121,"6483121",way,,,,tertiary,"2",25 mph,Northwest 145th Street,,asphalt,A41,"King, WA",no,,,145th,,,,,,NW,,,,,,St,,,,,,,,,,,,,,,,,,,,,,,,,,,,,,
w6485855,"6485855",way,,,,residential,,,Northeast 175th Street,,,A41,"King, WA",no,,,175th,,,,,,NE,,,,,,,,,,,,,,,,,,,,,,,,,,,,,,,,,,,,
w6522126,"6522126",way,,,,secondary,,,55th Avenue Northeast,,,A41,"King, WA",,,,55th,,NE,,,,,,,,,,,,,,,,,,,,,,,,,,,,,,,,,,,,,,,,
w6522131,"6522131",way,,,,secondary,"2",,55th Avenue Northeast,,,A41,"King, WA",,,,55th,,NE,,,,,,,,,,,,,,,,,,,,,,,,,,,,,,,,,,,,,,,,
w8071924,"8071924",way,,,,tertiary,"2",25 mph,East Cherry Street,,,A41,"King, WA",,,,Cherry,,,,,,E,,designated,lane,,,St,,both,yes,,,,,,,,,,,,,,,,,,,,,,,,,,,
w11079018,"11079018",way,,,,tertiary,"2",30 mph,Lake Fenwick Road South,,asphalt,A41,"King, WA",no,,,Lake Fenwick,,S,,,,,,,,,,,,,,,,,,,,,,,,,,,,,,,,,,,,,,,,
w22760521,"22760521",way,,,,tertiary,"2",25 mph,Martin Luther King Junior Way,,,,,no,,,,,,,,,,,,,Q8027,Empire Way South,,,,,,,,,,,,,,,,,,,,,,,,,,,,,,,
w23723890,"23723890",way,,,,primary,,45 mph,International Boulevard,,,,,,,,,,,,,WA 99,,,,,,,,,,,Pacific Highway South,yes,"1",State Route 99,"US 99;PSH 1",,,,,,,,,,,,,,,,,,,,,,
w23812540,"23812540",way,,,,secondary,"7",35 mph,South 277th Street,,paved,A41,"King, WA",,,,277th,52nd,,,,,S,S,designated,lane,,,,"4",,,South 52nd Street Northeast,yes,"2",,,designated|||,"3",NE,left|left|through|through,left|through|through,,,,,,,,,,,,,,,,,
w23812541,"23812541",way,,,,secondary,"7",35 mph,South 277th Street,,asphalt,A41,"King, WA",no,,,277th,52nd,,,,,S,S,designated,lane,,,,"3",,,South 52nd Street Northeast,,,,,,"4",NE,left|through|through,left|left|through|through,designated|||,,,,,,,,,,,,,,,,
w24303730,"24303730",way,"6",administrative,,,,,,,,,,,,,,,,,,,,,,,,,,,,,,,,,,,,,,,,,,,,,,,,,,,,,,,
w25476303,"25476303",way,,,,secondary,,,Northeast 171st Street,,asphalt,A41,"King, WA",,,,171st,,,,,,NE,,,,,,,,,,,,,,,,,,,,,,,,,,,,,,,,,,,,
w25476309,"25476309",way,,,,tertiary,"2",,Northeast 173rd Street,,asphalt,A41,"King, WA",no,no,,173rd,,,,,,NE,,,,,,,,,,,,,,,,,,,,,,,,,,,,,,,,,,,,
w25476313,"25476313",way,,,,tertiary,"2",,Northeast 173rd Street,,asphalt,A41,"King, WA",no,no,,173rd,,,,,,NE,,,,,,,,,,,,,,,,,,,,,,,,,,,,,,,,,,,,
w25907609,"25907609",way,,,,secondary,,35 mph,South 277th Street,,,A41,"King, WA",,,South 52nd Street Northeast,277th,52nd,,,,,S,S,,,,,,,,,,yes,"1",,,,,NE,,,,,,,,,,,,,,,,,,,
w25907610,"25907610",way,,,,secondary,"4",35 mph,South 277th Street,,asphalt,A41,"King, WA",no,,,277th,52nd,,,,,S,S,,,,,,,,,South 52nd Street Northeast,,,,,,,NE,,,,,,,,,,,,,,,,,,,
w25907676,"25907676",way,,,,secondary,,35 mph,South 277th Street,,,A41,"King, WA",,,South 52nd Street Northeast,277th,52nd,,,,,S,S,,,,,,,,,,yes,"1",,,,,NE,,,,,,,,,,,,,,,,,,,
w25907677,"25907677",way,,,,secondary,,35 mph,South 277th Street,,,A41,"King, WA",,,South 52nd Street Northeast,277th,52nd,,,,,S,S,,,,,,,,,,,"1",,,,,NE,,,,,,,,,,,,,,,,,,,
w25923454,"25923454",way,,,,,,,Green River,,,,,,,,,,,,,,,,,,,,,,,,,,,,,,,,,,,river,,,,,,,,,,,,,,,
w25923455,"25923455",way,,,,,,,Green River,,,,,,,,,,,,,,,,,,,,,,,,,,,,,,,,,,,river,,,,,,,,,,,,,,,
w26215772,"26215772",way,"6",administrative,,,,,,,,,,,,,,,,,,,,,,,,,,,,,,,,,,,,,,,,,,,,,,,,,,,,,,,
w26219854,"26219854",way,"6",administrative,,,,,,,,,,,,,,,,,,,,,,,,,,,,,,,,,,,,,,,,,,,,,,,,,,,,,,,
w26224261,"26224261",way,,,,,,,Green River,,,,,,,,,,,,,,,,,,,,,,,,,,,,,,,,,,,river,,,,,,,,,,,,,,,
w29198142,"29198142",way,,,,primary,"2",40 mph,148th Avenue Northeast,yes,,A41,"King, WA",,,,148th,,NE,,,,,,,,,,,,,,,yes,"1",,,,,,,,,,,,,,,,,,,,,,,,
w32135618,"32135618",way,,,,tertiary,"2",25 mph,East Denny Way,,,A41,"King, WA",no,,,Denny,,,,,,E,,designated,,,,Way,,both,yes,,,,,,,,,,,,,shared_lane,lane,,,,,,,,,,,,,
w32143377,"32143377",way,,,,residential,"2",20 mph,East Cherry Street,,,A41,"King, WA",no,,,Cherry,,,,,,E,,,,,,St,,,,,,,,,,,,,,,,,,,,,,,,,,,,,,
w34904323,"34904323",way,,,,primary,"5",35 mph,Northeast 145th Street,no,asphalt,A31,"King, WA",,,,145th,State Route 523,,,,WA 523,NE,,,,,,Street,"2",,,State Route 523,yes,"1",,,,"3",,,left||,,,,,,,,,,,,,,,,,
w34904324,"34904324",way,,,,primary,"4",35 mph,Northeast 145th Street,no,asphalt,A31,"King, WA",no,,,145th,State Route 523,,,,WA 523,NE,,,,,,Street,,,,State Route 523,,,,,,,,,,,,,,,,,,,,,,,,,,
w38472888,"38472888",way,,,,primary,"4",35 mph,North 145th Street,,,A31,"King, WA",,,,145th,State Route 523,,,,WA 523,N,,,,,,St,,,,,,,,,,,,,,,,,,,,,,,,,,,,,,
w38472897,"38472897",way,,,,tertiary,"2",25 mph,Northeast 145th Street,,,A31,"King, WA",no,,,145th,,,,,,NE,,,,,,Street,,,,,,,,,,,,,,,,,,,,,,,,,,,,,,
w40416127,"40416127",way,,,,tertiary,"2",25 mph,Martin Luther King Junior Way East,,,,,no,,,,,,,,,,,,,Q8027,Empire Way South,,,,,,,,,,,,,,,,,,,,,,,,,,,,,,,
w40416129,"40416129",way,,,,tertiary,"2",25 mph,32nd Avenue,,,A41,"King, WA",no,,,32nd,,,,,,,,,,,,Ave,,,,,,,,,,,,,,,,,,,,,,,,,,,,,,
w40478911,"40478911",way,"8",administrative,,,,,,,,,,,,,,,,,,,,,,,,,,,,,,,,,,,,,,,,,,,,,,,,,,,,,,,
w40478912,"40478912",way,"8",administrative,,,,,,,,,,,,,,,,,,,,,,,,,,,,,,,,,,,,,,,,,,,,,,,,,,,,,,,
w40478917,"40478917",way,"8",administrative,,,,,,,,,,,,,,,,,,,,,,,,,,,,,,,,,,,,,,,,,,,,,,,,,,,,,,,
w40478935,"40478935",way,"10",administrative,,,,,,,,,,,,,,,,,,,,,,,,,,,,,,,,,,,,,,,,,,,,,,,,,,,,,,,
w40478942,"40478942",way,"8",administrative,,,,,Green River,,,,,,,,,,,,,,,,,,,,,,,,,,,,,,,,,,,river,,,,,,,,,,,,,,,
w40478944,"40478944",way,"8",administrative,,,,,,,,,,,,,,,,,,,,,,,,,,,,,,,,,,,,,,,,,,,,,,,,,,,,,,,
w40478981,"40478981",way,"8",administrative,,,,,,,,,,,,,,,,,,,,,,,,,,,,,,,,,,,,,,,,,,,,,,,,,,,,,,,
w40479451,"40479451",way,"8",administrative,,,,,,,,,,,,,,,,,,,,,,,,,,,,,,,,,,,,,,,,,,,,,,,,,,,,,,,
w40479454,"40479454",way,"8",administrative,,,,,,,,,,,,,,,,,,,,,,,,,,,,,,,,,,,,,,,,,,,,,,,,,,,,,,,
w40479468,"40479468",way,"8",administrative,,,,,,,,,,,,,,,,,,,,,,,,,,,,,,,,,,,,,,,,,,,,,,,,,,,,,,,
w40479469,"40479469",way,"8",administrative,,,,,,,,,,,,,,,,,,,,,,,,,,,,,,,,,,,,,,,,,,,,,,,,,,,,,,,
w40479472,"40479472",way,"8",administrative,,,,,,,,,,,,,,,,,,,,,,,,,,,,,,,,,,,,,,,,,,,,,,,,,,,,,,,
w40479473,"40479473",way,"8",administrative,,,,,,,,,,,,,,,,,,,,,,,,,,,,,,,,,,,,,,,,,,,,,,,,,,,,,,,
w40479475,"40479475",way,"8",administrative,,,,,,,,,,,,,,,,,,,,,,,,,,,,,,,,,,,,,,,,,,,,,,,,,,,,,,,
w40479492,"40479492",way,"8",administrative,,,,,,,,,,,,,,,,,,,,,,,,,,,,,,,,,,,,,,,,,,,,,,,,,,,,,,,
w40479560,"40479560",way,"8",administrative,,,,,,,,,,,,,,,,,,,,,,,,,,,,,,,,,,,,,,,,,,,,,,,,,,,,,,,
w40479572,"40479572",way,"8",administrative,,,,,,,,,,,,,,,,,,,,,,,,,,,,,,,,,,,,,,,,,,,,,,,,,,,,,,,
w40482785,"40482785",way,"8",administrative,,,,,,,,,,,,,,,,,,,,,,,,,,,,,,,,,,,,,,,,,,,,,,,,,,,,,,,
w40482959,"40482959",way,"8",administrative,,,,,,,,,,,,,,,,,,,,,,,,,,,,,,,,,,,,,,,,,,,,,,,,,,,,,,,
w40482960,"40482960",way,"8",administrative,,,,,,,,,,,,,,,,,,,,,,,,,,,,,,,,,,,,,,,,,,,,,,,,,,,,,,,
w40482970,"40482970",way,"8",administrative,,,,,,,,,,,,,,,,,,,,,,,,,,,,,,,,,,,,,,,,,,,,,,,,,,,,,,,
w40483021,"40483021",way,"8",administrative,,,,,,,,,,,,,,,,,,,,,,,,,,,,,,,,,,,,,,,,,,,,,,,,,,,,,,,
w40483022,"40483022",way,"8",administrative,,,,,,,,,,,,,,,,,,,,,,,,,,,,,,,,,,,,,,,,,,,,,,,,,,,,,,,
w40483023,"40483023",way,"8",administrative,,,,,,,,,,,,,,,,,,,,,,,,,,,,,,,,,,,,,,,,,,,,,,,,,,,,,,,
w40483025,"40483025",way,"8",administrative,,,,,,,,,,,,,,,,,,,,,,,,,,,,,,,,,,,,,,,,,,,,,,,,,,,,,,,
w40483027,"40483027",way,"8",administrative,,,,,,,,,,,,,,,,,,,,,,,,,,,,,,,,,,,,,,,,,,,,,,,,,,,,,,,
w40483028,"40483028",way,"8",administrative,,,,,,,,,,,,,,,,,,,,,,,,,,,,,,,,,,,,,,,,,,,,,,,,,,,,,,,
w40483029,"40483029",way,"10",administrative,,,,,,,,,,,,,,,,,,,,,,,,,,,,,,,,,,,,,,,,,,,,,,,,,,,,,,,
w40483030,"40483030",way,"8",administrative,,,,,,,,,,,,,,,,,,,,,,,,,,,,,,,,,,,,,,,,,,,,,,,,,,,,,,,
w40483041,"40483041",way,"8",administrative,,,,,,,,,,,,,,,,,,,,,,,,,,,,,,,,,,,,,,,,,,,,,,,,,,,,,,,
w40483057,"40483057",way,"8",administrative,,,,,,,,,,,,,,,,,,,,,,,,,,,,,,,,,,,,,,,,,,,,,,,,,,,,,,,
w40483058,"40483058",way,"8",administrative,,,,,,,,,,,,,,,,,,,,,,,,,,,,,,,,,,,,,,,,,,,,,,,,,,,,,,,
w40483059,"40483059",way,"8",administrative,,,,,,,,,,,,,,,,,,,,,,,,,,,,,,,,,,,,,,,,,,,,,,,,,,,,,,,
w40483060,"40483060",way,"8",administrative,,,,,,,,,,,,,,,,,,,,,,,,,,,,,,,,,,,,,,,,,,,,,,,,,,,,,,,
w40483062,"40483062",way,"8",administrative,,,,,,,,,,,,,,,,,,,,,,,,,,,,,,,,,,,,,,,,,,,,,,,,,,,,,,,
w40483063,"40483063",way,"8",administrative,,,,,,,,,,,,,,,,,,,,,,,,,,,,,,,,,,,,,,,,,,,,,,,,,,,,,,,
w40483066,"40483066",way,"8",administrative,,,,,,,,,,,,,,,,,,,,,,,,,,,,,,,,,,,,,,,,,,,,,,,,,,,,,,,
w40483067,"40483067",way,"8",administrative,,,,,,,,,,,,,,,,,,,,,,,,,,,,,,,,,,,,,,,,,,,,,,,,,,,,,,,
w40483068,"40483068",way,"8",administrative,,,,,,,,,,,,,,,,,,,,,,,,,,,,,,,,,,,,,,,,,,,,,,,,,,,,,,,
w40483069,"40483069",way,"8",administrative,,,,,,,,,,,,,,,,,,,,,,,,,,,,,,,,,,,,,,,,,,,,,,,,,,,,,,,
w40483070,"40483070",way,"8",administrative,,,,,,,,,,,,,,,,,,,,,,,,,,,,,,,,,,,,,,,,,,,,,,,,,,,,,,,
w40483071,"40483071",way,"8",administrative,,,,,,,,,,,,,,,,,,,,,,,,,,,,,,,,,,,,,,,,,,,,,,,,,,,,,,,
w40483072,"40483072",way,"8",administrative,,,,,,,,,,,,,,,,,,,,,,,,,,,,,,,,,,,,,,,,,,,,,,,,,,,,,,,
w40483085,"40483085",way,"8",administrative,,,,,,,,,,,,,,,,,,,,,,,,,,,,,,,,,,,,,,,,,,,,,,,,,,,,,,,
w40483086,"40483086",way,"8",administrative,,,,,,,,,,,,,,,,,,,,,,,,,,,,,,,,,,,,,,,,,,,,,,,,,,,,,,,
w40483087,"40483087",way,"8",administrative,,,,,,,,,,,,,,,,,,,,,,,,,,,,,,,,,,,,,,,,,,,,,,,,,,,,,,,
w40483088,"40483088",way,"8",administrative,,,,,,,,,,,,,,,,,,,,,,,,,,,,,,,,,,,,,,,,,,,,,,,,,,,,,,,
w40483090,"40483090",way,"8",administrative,,,,,,,,,,,,,,,,,,,,,,,,,,,,,,,,,,,,,,,,,,,,,,,,,,,,,,,
w40483091,"40483091",way,"8",administrative,,,,,,,,,,,,,,,,,,,,,,,,,,,,,,,,,,,,,,,,,,,,,,,,,,,,,,,
w40483093,"40483093",way,"8",administrative,,,,,,,,,,,,,,,,,,,,,,,,,,,,,,,,,,,,,,,,,,,,,,,,,,,,,,,
w40483094,"40483094",way,"8",administrative,,,,,,,,,,,,,,,,,,,,,,,,,,,,,,,,,,,,,,,,,,,,,,,,,,,,,,,
w40483095,"40483095",way,"8",administrative,,,,,,,,,,,,,,,,,,,,,,,,,,,,,,,,,,,,,,,,,,,,,,,,,,,,,,,
w40483113,"40483113",way,"8",administrative,,,,,,,,,,,,,,,,,,,,,,,,,,,,,,,,,,,,,,,,,,,,,,,,,,,,,,,
w40483114,"40483114",way,"8",administrative,,,,,,,,,,,,,,,,,,,,,,,,,,,,,,,,,,,,,,,,,,,,,,,,,,,,,,,
w40483115,"40483115",way,"8",administrative,,,,,,,,,,,,,,,,,,,,,,,,,,,,,,,,,,,,,,,,,,,,,,,,,,,,,,,
w40483116,"40483116",way,"8",administrative,,,,,,,,,,,,,,,,,,,,,,,,,,,,,,,,,,,,,,,,,,,,,,,,,,,,,,,
w40483117,"40483117",way,"8",administrative,,,,,,,,,,,,,,,,,,,,,,,,,,,,,,,,,,,,,,,,,,,,,,,,,,,,,,,
w40483118,"40483118",way,"8",administrative,,,,,,,,,,,,,,,,,,,,,,,,,,,,,,,,,,,,,,,,,,,,,,,,,,,,,,,
w40483119,"40483119",way,"8",administrative,,,,,,,,,,,,,,,,,,,,,,,,,,,,,,,,,,,,,,,,,,,,,,,,,,,,,,,
w40483120,"40483120",way,"8",administrative,,,,,,,,,,,,,,,,,,,,,,,,,,,,,,,,,,,,,,,,,,,,,,,,,,,,,,,
w40483121,"40483121",way,"8",administrative,,,,,,,,,,,,,,,,,,,,,,,,,,,,,,,,,,,,,,,,,,,,,,,,,,,,,,,
w40483122,"40483122",way,"8",administrative,,,,,,,,,,,,,,,,,,,,,,,,,,,,,,,,,,,,,,,,,,,,,,,,,,,,,,,
w40483123,"40483123",way,"8",administrative,,,,,,,,,,,,,,,,,,,,,,,,,,,,,,,,,,,,,,,,,,,,,,,,,,,,,,,
w40483133,"40483133",way,"8",administrative,,,,,,,,,,,,,,,,,,,,,,,,,,,,,,,,,,,,,,,,,,,,,,,,,,,,,,,
w40483134,"40483134",way,"8",administrative,,,,,,,,,,,,,,,,,,,,,,,,,,,,,,,,,,,,,,,,,,,,,,,,,,,,,,,
w40483135,"40483135",way,"8",administrative,,,,,,,,,,,,,,,,,,,,,,,,,,,,,,,,,,,,,,,,,,,,,,,,,,,,,,,
w40483136,"40483136",way,"8",administrative,,,,,,,,,,,,,,,,,,,,,,,,,,,,,,,,,,,,,,,,,,,,,,,,,,,,,,,
w40483137,"40483137",way,"8",administrative,,,,,,,,,,,,,,,,,,,,,,,,,,,,,,,,,,,,,,,,,,,,,,,,,,,,,,,
w40483138,"40483138",way,"8",administrative,,,,,,,,,,,,,,,,,,,,,,,,,,,,,,,,,,,,,,,,,,,,,,,,,,,,,,,
w40483274,"40483274",way,"8",administrative,,,,,,,,,,,,,,,,,,,,,,,,,,,,,,,,,,,,,,,,,,,,,,,,,,,,,,,
w40483275,"40483275",way,"8",administrative,,,,,,,,,,,,,,,,,,,,,,,,,,,,,,,,,,,,,,,,,,,,,,,,,,,,,,,
w40483290,"40483290",way,"8",administrative,,,,,,,,,,,,,,,,,,,,,,,,,,,,,,,,,,,,,,,,,,,,,,,,,,,,,,,
w40483293,"40483293",way,"8",administrative,,,,,,,,,,,,,,,,,,,,,,,,,,,,,,,,,,,,,,,,,,,,,,,,,,,,,,,
w40483295,"40483295",way,"8",administrative,,,,,,,,,,,,,,,,,,,,,,,,,,,,,,,,,,,,,,,,,,,,,,,,,,,,,,,
w40483296,"40483296",way,"8",administrative,,,,,,,,,,,,,,,,,,,,,,,,,,,,,,,,,,,,,,,,,,,,,,,,,,,,,,,
w40483297,"40483297",way,"8",administrative,,,,,,,,,,,,,,,,,,,,,,,,,,,,,,,,,,,,,,,,,,,,,,,,,,,,,,,
w40483793,"40483793",way,"8",administrative,,,,,,,,,,,,,,,,,,,,,,,,,,,,,,,,,,,,,,,,,,,,,,,,,,,,,,,
w40488206,"40488206",way,"6",administrative,,,,,,,,,,,,,,,,,,,,,,,,,,,,,,,,,,,,,,,,,,,,,,,,,,,,,,,
w40488208,"40488208",way,"6",administrative,,,,,,,,,,,,,,,,,,,,,,,,,,,,,,,,,,,,,,,,,,,,,,,,,,,,,,,
w40488240,"40488240",way,"6",administrative,,,,,,,,,,,,,,,,,,,,,,,,,,,,,,,,,,,,,,,,,,,,,,,,,,,,,,,
w40490363,"40490363",way,"8",administrative,,,,,,,,,,,,,,,,,,,,,,,,,,,,,,,,,,,,,,,,,,,,,,,,,,,,,,,
w40490370,"40490370",way,"8",administrative,,,,,,,,,,,,,,,,,,,,,,,,,,,,,,,,,,,,,,,,,,,,,,,,,,,,,,,
w40490377,"40490377",way,"8",administrative,,,,,,,,,,,,,,,,,,,,,,,,,,,,,,,,,,,,,,,,,,,,,,,,,,,,,,,
w40490379,"40490379",way,"8",administrative,,,,,,,,,,,,,,,,,,,,,,,,,,,,,,,,,,,,,,,,,,,,,,,,,,,,,,,
w40490395,"40490395",way,"8",administrative,,,,,,,,,,,,,,,,,,,,,,,,,,,,,,,,,,,,,,,,,,,,,,,,,,,,,,,
w40490396,"40490396",way,"8",administrative,,,,,,,,,,,,,,,,,,,,,,,,,,,,,,,,,,,,,,,,,,,,,,,,,,,,,,,
w40490397,"40490397",way,"8",administrative,,,,,,,,,,,,,,,,,,,,,,,,,,,,,,,,,,,,,,,,,,,,,,,,,,,,,,,
w40490398,"40490398",way,"8",administrative,,,,,,,,,,,,,,,,,,,,,,,,,,,,,,,,,,,,,,,,,,,,,,,,,,,,,,,
w40490399,"40490399",way,"8",administrative,,,,,,,,,,,,,,,,,,,,,,,,,,,,,,,,,,,,,,,,,,,,,,,,,,,,,,,
w40490416,"40490416",way,"8",administrative,,,,,,,,,,,,,,,,,,,,,,,,,,,,,,,,,,,,,,,,,,,,,,,,,,,,,,,
w40490420,"40490420",way,"8",administrative,,,,,,,,,,,,,,,,,,,,,,,,,,,,,,,,,,,,,,,,,,,,,,,,,,,,,,,
w40490421,"40490421",way,"8",administrative,,,,,,,,,,,,,,,,,,,,,,,,,,,,,,,,,,,,,,,,,,,,,,,,,,,,,,,
w40490425,"40490425",way,"8",administrative,,,,,,,,,,,,,,,,,,,,,,,,,,,,,,,,,,,,,,,,,,,,,,,,,,,,,,,
w40490426,"40490426",way,"8",administrative,,,,,,,,,,,,,,,,,,,,,,,,,,,,,,,,,,,,,,,,,,,,,,,,,,,,,,,
w40490428,"40490428",way,"8",administrative,,,,,,,,,,,,,,,,,,,,,,,,,,,,,,,,,,,,,,,,,,,,,,,,,,,,,,,
w40490429,"40490429",way,"8",administrative,,,,,,,,,,,,,,,,,,,,,,,,,,,,,,,,,,,,,,,,,,,,,,,,,,,,,,,
w40490430,"40490430",way,"8",administrative,,,,,,,,,,,,,,,,,,,,,,,,,,,,,,,,,,,,,,,,,,,,,,,,,,,,,,,
w40490456,"40490456",way,"8",administrative,,,,,,,,,,,,,,,,,,,,,,,,,,,,,,,,,,,,,,,,,,,,,,,,,,,,,,,
w40490457,"40490457",way,"8",administrative,,,,,,,,,,,,,,,,,,,,,,,,,,,,,,,,,,,,,,,,,,,,,,,,,,,,,,,
w40490459,"40490459",way,"8",administrative,,,,,,,,,,,,,,,,,,,,,,,,,,,,,,,,,,,,,,,,,,,,,,,,,,,,,,,
w40490460,"40490460",way,"8",administrative,,,,,,,,,,,,,,,,,,,,,,,,,,,,,,,,,,,,,,,,,,,,,,,,,,,,,,,
w40490461,"40490461",way,"8",administrative,,,,,,,,,,,,,,,,,,,,,,,,,,,,,,,,,,,,,,,,,,,,,,,,,,,,,,,
w40490491,"40490491",way,"8",administrative,,,,,,,,,,,,,,,,,,,,,,,,,,,,,,,,,,,,,,,,,,,,,,,,,,,,,,,
w40490514,"40490514",way,"8",administrative,,,,,,,,,,,,,,,,,,,,,,,,,,,,,,,,,,,,,,,,,,,,,,,,,,,,,,,
w40490515,"40490515",way,"8",administrative,,,,,,,,,,,,,,,,,,,,,,,,,,,,,,,,,,,,,,,,,,,,,,,,,,,,,,,
w40490516,"40490516",way,"8",administrative,,,,,,,,,,,,,,,,,,,,,,,,,,,,,,,,,,,,,,,,,,,,,,,,,,,,,,,
w40490517,"40490517",way,"8",administrative,,,,,,,,,,,,,,,,,,,,,,,,,,,,,,,,,,,,,,,,,,,,,,,,,,,,,,,
w40490518,"40490518",way,"8",administrative,,,,,,,,,,,,,,,,,,,,,,,,,,,,,,,,,,,,,,,,,,,,,,,,,,,,,,,
w40490519,"40490519",way,"8",administrative,,,,,,,,,,,,,,,,,,,,,,,,,,,,,,,,,,,,,,,,,,,,,,,,,,,,,,,
w40490661,"40490661",way,"8",administrative,,,,,,,,,,,,,,,,,,,,,,,,,,,,,,,,,,,,,,,,,,,,,,,,,,,,,,,
w40490667,"40490667",way,"8",administrative,,,,,,,,,,,,,,,,,,,,,,,,,,,,,,,,,,,,,,,,,,,,,,,,,,,,,,,
w40490668,"40490668",way,"8",administrative,,,,,,,,,,,,,,,,,,,,,,,,,,,,,,,,,,,,,,,,,,,,,,,,,,,,,,,
w40490669,"40490669",way,"8",administrative,,,,,,,,,,,,,,,,,,,,,,,,,,,,,,,,,,,,,,,,,,,,,,,,,,,,,,,
w40490670,"40490670",way,"8",administrative,,,,,,,,,,,,,,,,,,,,,,,,,,,,,,,,,,,,,,,,,,,,,,,,,,,,,,,
w40490671,"40490671",way,"8",administrative,,,,,,,,,,,,,,,,,,,,,,,,,,,,,,,,,,,,,,,,,,,,,,,,,,,,,,,
w40490672,"40490672",way,"8",administrative,,,,,,,,,,,,,,,,,,,,,,,,,,,,,,,,,,,,,,,,,,,,,,,,,,,,,,,
w40490674,"40490674",way,"8",administrative,,,,,,,,,,,,,,,,,,,,,,,,,,,,,,,,,,,,,,,,,,,,,,,,,,,,,,,
w40490693,"40490693",way,"8",administrative,,,,,,,,,,,,,,,,,,,,,,,,,,,,,,,,,,,,,,,,,,,,,,,,,,,,,,,
w40490694,"40490694",way,"8",administrative,,,,,,,,,,,,,,,,,,,,,,,,,,,,,,,,,,,,,,,,,,,,,,,,,,,,,,,
w40490696,"40490696",way,"8",administrative,,,,,,,,,,,,,,,,,,,,,,,,,,,,,,,,,,,,,,,,,,,,,,,,,,,,,,,
w40490720,"40490720",way,"8",administrative,,,,,,,,,,,,,,,,,,,,,,,,,,,,,,,,,,,,,,,,,,,,,,,,,,,,,,,
w40490724,"40490724",way,"8",administrative,,,,,,,,,,,,,,,,,,,,,,,,,,,,,,,,,,,,,,,,,,,,,,,,,,,,,,,
w40490725,"40490725",way,"8",administrative,,,,,,,,,,,,,,,,,,,,,,,,,,,,,,,,,,,,,,,,,,,,,,,,,,,,,,,
w40490726,"40490726",way,"8",administrative,,,,,,,,,,,,,,,,,,,,,,,,,,,,,,,,,,,,,,,,,,,,,,,,,,,,,,,
w40490727,"40490727",way,"8",administrative,,,,,,,,,,,,,,,,,,,,,,,,,,,,,,,,,,,,,,,,,,,,,,,,,,,,,,,
w40490728,"40490728",way,"8",administrative,,,,,,,,,,,,,,,,,,,,,,,,,,,,,,,,,,,,,,,,,,,,,,,,,,,,,,,
w40490730,"40490730",way,"8",administrative,,,,,,,,,,,,,,,,,,,,,,,,,,,,,,,,,,,,,,,,,,,,,,,,,,,,,,,
w40490731,"40490731",way,"8",administrative,,,,,,,,,,,,,,,,,,,,,,,,,,,,,,,,,,,,,,,,,,,,,,,,,,,,,,,
w40490753,"40490753",way,"8",administrative,,,,,,,,,,,,,,,,,,,,,,,,,,,,,,,,,,,,,,,,,,,,,,,,,,,,,,,
w40490754,"40490754",way,"8",administrative,,,,,,,,,,,,,,,,,,,,,,,,,,,,,,,,,,,,,,,,,,,,,,,,,,,,,,,
w40490756,"40490756",way,"8",administrative,,,,,,,,,,,,,,,,,,,,,,,,,,,,,,,,,,,,,,,,,,,,,,,,,,,,,,,
w40490758,"40490758",way,"8",administrative,,,,,,,,,,,,,,,,,,,,,,,,,,,,,,,,,,,,,,,,,,,,,,,,,,,,,,,
w40490777,"40490777",way,"8",administrative,,,,,,,,,,,,,,,,,,,,,,,,,,,,,,,,,,,,,,,,,,,,,,,,,,,,,,,
w40490780,"40490780",way,"8",administrative,,,,,,,,,,,,,,,,,,,,,,,,,,,,,,,,,,,,,,,,,,,,,,,,,,,,,,,
w40490795,"40490795",way,"8",administrative,,,,,,,,,,,,,,,,,,,,,,,,,,,,,,,,,,,,,,,,,,,,,,,,,,,,,,,
w40490796,"40490796",way,"8",administrative,,,,,,,,,,,,,,,,,,,,,,,,,,,,,,,,,,,,,,,,,,,,,,,,,,,,,,,
w40490797,"40490797",way,"8",administrative,,,,,,,,,,,,,,,,,,,,,,,,,,,,,,,,,,,,,,,,,,,,,,,,,,,,,,,
w40490798,"40490798",way,"8",administrative,,,,,,,,,,,,,,,,,,,,,,,,,,,,,,,,,,,,,,,,,,,,,,,,,,,,,,,
w40490799,"40490799",way,"8",administrative,,,,,,,,,,,,,,,,,,,,,,,,,,,,,,,,,,,,,,,,,,,,,,,,,,,,,,,
w40490800,"40490800",way,"8",administrative,,,,,,,,,,,,,,,,,,,,,,,,,,,,,,,,,,,,,,,,,,,,,,,,,,,,,,,
w40490801,"40490801",way,"8",administrative,,,,,,,,,,,,,,,,,,,,,,,,,,,,,,,,,,,,,,,,,,,,,,,,,,,,,,,
w40490802,"40490802",way,"8",administrative,,,,,,,,,,,,,,,,,,,,,,,,,,,,,,,,,,,,,,,,,,,,,,,,,,,,,,,
w40490803,"40490803",way,"8",administrative,,,,,,,,,,,,,,,,,,,,,,,,,,,,,,,,,,,,,,,,,,,,,,,,,,,,,,,
w40490804,"40490804",way,"8",administrative,,,,,,,,,,,,,,,,,,,,,,,,,,,,,,,,,,,,,,,,,,,,,,,,,,,,,,,
w40490805,"40490805",way,"8",administrative,,,,,,,,,,,,,,,,,,,,,,,,,,,,,,,,,,,,,,,,,,,,,,,,,,,,,,,
w40490806,"40490806",way,"8",administrative,,,,,,,,,,,,,,,,,,,,,,,,,,,,,,,,,,,,,,,,,,,,,,,,,,,,,,,
w40490807,"40490807",way,"8",administrative,,,,,,,,,,,,,,,,,,,,,,,,,,,,,,,,,,,,,,,,,,,,,,,,,,,,,,,
w40490808,"40490808",way,"8",administrative,,,,,,,,,,,,,,,,,,,,,,,,,,,,,,,,,,,,,,,,,,,,,,,,,,,,,,,
w40490902,"40490902",way,"8",administrative,,,,,,,,,,,,,,,,,,,,,,,,,,,,,,,,,,,,,,,,,,,,,,,,,,,,,,,
w40490918,"40490918",way,"8",administrative,,,,,,,,,,,,,,,,,,,,,,,,,,,,,,,,,,,,,,,,,,,,,,,,,,,,,,,
w40490935,"40490935",way,"8",administrative,,,,,,,,,,,,,,,,,,,,,,,,,,,,,,,,,,,,,,,,,,,,,,,,,,,,,,,
w40490936,"40490936",way,"8",administrative,,,,,,,,,,,,,,,,,,,,,,,,,,,,,,,,,,,,,,,,,,,,,,,,,,,,,,,
w40490937,"40490937",way,"8",administrative,,,,,,,,,,,,,,,,,,,,,,,,,,,,,,,,,,,,,,,,,,,,,,,,,,,,,,,
w40490940,"40490940",way,"8",administrative,,,,,,,,,,,,,,,,,,,,,,,,,,,,,,,,,,,,,,,,,,,,,,,,,,,,,,,
w40490941,"40490941",way,"8",administrative,,,,,,,,,,,,,,,,,,,,,,,,,,,,,,,,,,,,,,,,,,,,,,,,,,,,,,,
w40491002,"40491002",way,"8",administrative,,,,,,,,,,,,,,,,,,,,,,,,,,,,,,,,,,,,,,,,,,,,,,,,,,,,,,,
w40491026,"40491026",way,"8",administrative,,,,,,,,,,,,,,,,,,,,,,,,,,,,,,,,,,,,,,,,,,,,,,,,,,,,,,,
w40491028,"40491028",way,"8",administrative,,,,,,,,,,,,,,,,,,,,,,,,,,,,,,,,,,,,,,,,,,,,,,,,,,,,,,,
w40491029,"40491029",way,"8",administrative,,,,,,,,,,,,,,,,,,,,,,,,,,,,,,,,,,,,,,,,,,,,,,,,,,,,,,,
w40491033,"40491033",way,"8",administrative,,,,,,,,,,,,,,,,,,,,,,,,,,,,,,,,,,,,,,,,,,,,,,,,,,,,,,,
w40491050,"40491050",way,"8",administrative,,,,,,,,,,,,,,,,,,,,,,,,,,,,,,,,,,,,,,,,,,,,,,,,,,,,,,,
w40491087,"40491087",way,"8",administrative,,,,,,,,,,,,,,,,,,,,,,,,,,,,,,,,,,,,,,,,,,,,,,,,,,,,,,,
w40491090,"40491090",way,"8",administrative,,,,,,,,,,,,,,,,,,,,,,,,,,,,,,,,,,,,,,,,,,,,,,,,,,,,,,,
w40491091,"40491091",way,"8",administrative,,,,,,,,,,,,,,,,,,,,,,,,,,,,,,,,,,,,,,,,,,,,,,,,,,,,,,,
w40491092,"40491092",way,"8",administrative,,,,,,,,,,,,,,,,,,,,,,,,,,,,,,,,,,,,,,,,,,,,,,,,,,,,,,,
w40491093,"40491093",way,"8",administrative,,,,,,,,,,,,,,,,,,,,,,,,,,,,,,,,,,,,,,,,,,,,,,,,,,,,,,,
w40491094,"40491094",way,"8",administrative,,,,,,,,,,,,,,,,,,,,,,,,,,,,,,,,,,,,,,,,,,,,,,,,,,,,,,,
w40491096,"40491096",way,"8",administrative,,,,,,,,,,,,,,,,,,,,,,,,,,,,,,,,,,,,,,,,,,,,,,,,,,,,,,,
w40491097,"40491097",way,"8",administrative,,,,,,,,,,,,,,,,,,,,,,,,,,,,,,,,,,,,,,,,,,,,,,,,,,,,,,,
w40491112,"40491112",way,"8",administrative,,,,79 mph,,,,,,,,,,,,,,,,,,,,,,,,,,,,,,,,,,,,,,,,,,,,,,,,,,,
w40491115,"40491115",way,"8",administrative,,,,,,,,,,,,,,,,,,,,,,,,,,,,,,,,,,,,,,,,,,,,,,,,,,,,,,,
w40491118,"40491118",way,"8",administrative,,,,,,,,,,,,,,,,,,,,,,,,,,,,,,,,,,,,,,,,,,,,,,,,,,,,,,,
w40491119,"40491119",way,"8",administrative,,,,,,,,,,,,,,,,,,,,,,,,,,,,,,,,,,,,,,,,,,,,,,,,,,,,,,,
w40491148,"40491148",way,"8",administrative,,,,,,,,,,,,,,,,,,,,,,,,,,,,,,,,,,,,,,,,,,,,,,,,,,,,,,,
w40491149,"40491149",way,"8",administrative,,,,,,,,,,,,,,,,,,,,,,,,,,,,,,,,,,,,,,,,,,,,,,,,,,,,,,,
w40491238,"40491238",way,"8",administrative,,,,,,,,,,,,,,,,,,,,,,,,,,,,,,,,,,,,,,,,,,,,,,,,,,,,,,,
w40491239,"40491239",way,"8",administrative,,,,,,,,,,,,,,,,,,,,,,,,,,,,,,,,,,,,,,,,,,,,,,,,,,,,,,,
w40491240,"40491240",way,"8",administrative,,,,,,,,,,,,,,,,,,,,,,,,,,,,,,,,,,,,,,,,,,,,,,,,,,,,,,,
w40491241,"40491241",way,"8",administrative,,,,,,,,,,,,,,,,,,,,,,,,,,,,,,,,,,,,,,,,,,,,,,,,,,,,,,,
w40491242,"40491242",way,"8",administrative,,,,,,,,,,,,,,,,,,,,,,,,,,,,,,,,,,,,,,,,,,,,,,,,,,,,,,,
w40491243,"40491243",way,"8",administrative,,,,,,,,,,,,,,,,,,,,,,,,,,,,,,,,,,,,,,,,,,,,,,,,,,,,,,,
w40491244,"40491244",way,"8",administrative,,,,,,,,,,,,,,,,,,,,,,,,,,,,,,,,,,,,,,,,,,,,,,,,,,,,,,,
w40491245,"40491245",way,"8",administrative,,,,,,,,,,,,,,,,,,,,,,,,,,,,,,,,,,,,,,,,,,,,,,,,,,,,,,,
w40491246,"40491246",way,"8",administrative,,,,,,,,,,,,,,,,,,,,,,,,,,,,,,,,,,,,,,,,,,,,,,,,,,,,,,,
w40491247,"40491247",way,"8",administrative,,,,,,,,,,,,,,,,,,,,,,,,,,,,,,,,,,,,,,,,,,,,,,,,,,,,,,,
w40491316,"40491316",way,"8",administrative,,,,,,,,,,,,,,,,,,,,,,,,,,,,,,,,,,,,,,,,,,,,,,,,,,,,,,,
w40491341,"40491341",way,"8",administrative,,,,,,,,,,,,,,,,,,,,,,,,,,,,,,,,,,,,,,,,,,,,,,,,,,,,,,,
w40491342,"40491342",way,"8",administrative,,,,,,,,,,,,,,,,,,,,,,,,,,,,,,,,,,,,,,,,,,,,,,,,,,,,,,,
w40491343,"40491343",way,"8",administrative,,,,,,,,,,,,,,,,,,,,,,,,,,,,,,,,,,,,,,,,,,,,,,,,,,,,,,,
w40491344,"40491344",way,"8",administrative,,,,,,,,,,,,,,,,,,,,,,,,,,,,,,,,,,,,,,,,,,,,,,,,,,,,,,,
w40491389,"40491389",way,"8",administrative,,,,,,,,,,,,,,,,,,,,,,,,,,,,,,,,,,,,,,,,,,,,,,,,,,,,,,,
w40491391,"40491391",way,"8",administrative,,,,,,,,,,,,,,,,,,,,,,,,,,,,,,,,,,,,,,,,,,,,,,,,,,,,,,,
w40491392,"40491392",way,"8",administrative,,,,,,,,,,,,,,,,,,,,,,,,,,,,,,,,,,,,,,,,,,,,,,,,,,,,,,,
w40491398,"40491398",way,"8",administrative,,,,,,,,,,,,,,,,,,,,,,,,,,,,,,,,,,,,,,,,,,,,,,,,,,,,,,,
w40491401,"40491401",way,"8",administrative,,,,,,,,,,,,,,,,,,,,,,,,,,,,,,,,,,,,,,,,,,,,,,,,,,,,,,,
w40491474,"40491474",way,"8",administrative,,,,,,,,,,,,,,,,,,,,,,,,,,,,,,,,,,,,,,,,,,,,,,,,,,,,,,,
w40491477,"40491477",way,"8",administrative,,,,,,,,,,,,,,,,,,,,,,,,,,,,,,,,,,,,,,,,,,,,,,,,,,,,,,,
w40491481,"40491481",way,"8",administrative,,,,,,,,,,,,,,,,,,,,,,,,,,,,,,,,,,,,,,,,,,,,,,,,,,,,,,,
w40491482,"40491482",way,"8",administrative,,,,,,,,,,,,,,,,,,,,,,,,,,,,,,,,,,,,,,,,,,,,,,,,,,,,,,,
w40491505,"40491505",way,"8",administrative,,,,,,,,,,,,,,,,,,,,,,,,,,,,,,,,,,,,,,,,,,,,,,,,,,,,,,,
w40491513,"40491513",way,"8",administrative,,,,,,,,,,,,,,,,,,,,,,,,,,,,,,,,,,,,,,,,,,,,,,,,,,,,,,,
w40491528,"40491528",way,"8",administrative,,,,,,,,,,,,,,,,,,,,,,,,,,,,,,,,,,,,,,,,,,,,,,,,,,,,,,,
w40491577,"40491577",way,"8",administrative,,,,,,,,,,,,,,,,,,,,,,,,,,,,,,,,,,,,,,,,,,,,,,,,,,,,,,,
w40491593,"40491593",way,"8",administrative,,,,,,,,,,,,,,,,,,,,,,,,,,,,,,,,,,,,,,,,,,,,,,,,,,,,,,,
w40491595,"40491595",way,"8",administrative,,,,,,,,,,,,,,,,,,,,,,,,,,,,,,,,,,,,,,,,,,,,,,,,,,,,,,,
w40491645,"40491645",way,"8",administrative,,,,,,,,,,,,,,,,,,,,,,,,,,,,,,,,,,,,,,,,,,,,,,,,,,,,,,,
w40491648,"40491648",way,"8",administrative,,,,,,,,,,,,,,,,,,,,,,,,,,,,,,,,,,,,,,,,,,,,,,,,,,,,,,,
w40491733,"40491733",way,"8",administrative,,,,,,,,,,,,,,,,,,,,,,,,,,,,,,,,,,,,,,,,,,,,,,,,,,,,,,,
w40491756,"40491756",way,"8",administrative,,,,,,,,,,,,,,,,,,,,,,,,,,,,,,,,,,,,,,,,,,,,,,,,,,,,,,,
w40491757,"40491757",way,"8",administrative,,,,,,,,,,,,,,,,,,,,,,,,,,,,,,,,,,,,,,,,,,,,,,,,,,,,,,,
w40491758,"40491758",way,"8",administrative,,,,,,,,,,,,,,,,,,,,,,,,,,,,,,,,,,,,,,,,,,,,,,,,,,,,,,,
w40491760,"40491760",way,"8",administrative,,,,,,,,,,,,,,,,,,,,,,,,,,,,,,,,,,,,,,,,,,,,,,,,,,,,,,,
w40491763,"40491763",way,"8",administrative,,,,,,,,,,,,,,,,,,,,,,,,,,,,,,,,,,,,,,,,,,,,,,,,,,,,,,,
w40491764,"40491764",way,"8",administrative,,,,,,,,,,,,,,,,,,,,,,,,,,,,,,,,,,,,,,,,,,,,,,,,,,,,,,,
w40491765,"40491765",way,"8",administrative,,,,,,,,,,,,,,,,,,,,,,,,,,,,,,,,,,,,,,,,,,,,,,,,,,,,,,,
w40491787,"40491787",way,"8",administrative,,,,,,,,,,,,,,,,,,,,,,,,,,,,,,,,,,,,,,,,,,,,,,,,,,,,,,,
w40491788,"40491788",way,"8",administrative,,,,,,,,,,,,,,,,,,,,,,,,,,,,,,,,,,,,,,,,,,,,,,,,,,,,,,,
w40491853,"40491853",way,"8",administrative,,,,,,,,,,,,,,,,,,,,,,,,,,,,,,,,,,,,,,,,,,,,,,,,,,,,,,,
w40499428,"40499428",way,"8",administrative,,,,,,,,,,,,,,,,,,,,,,,,,,,,,,,,,,,,,,,,,,,,,,,,,,,,,,,
w40500907,"40500907",way,"10",administrative,,,,,,,,,,,,,,,,,,,,,,,,,,,,,,,,,,,,,,,,,,,,,,,,,,,,,,,
w40511545,"40511545",way,"8",administrative,,,,,,,,,,,,,,,,,,,,,,,,,,,,,,,,,,,,,,,,,,,,,,,,,,,,,,,
w40833093,"40833093",way,,,,residential,"2",20 mph,Northeast 145th Street,,,A31,"King, WA",no,,,145th,,,,,,NE,,,,,,Street,,,,,,,,,,,,,,,,,,,,,,,,,,,,,,
w58472942,"58472942",way,,,,secondary,"4",35 mph,North 145th Street,,,A31,"King, WA",,,,145th,,,,,,N,,,,,,St,,,,,,,,,,,,,,,,,,,,,,,,,,,,,,
w76160400,"76160400",way,"6",administrative,,,,,,,,,,,,,,,,,,,,,,,,,,,,,,,,,,,,,,,,,,,,,,,,,,,,,,,
w76160401,"76160401",way,"8",administrative,,,,,,,,,,,,,,,,,,,,,,,,,,,,,,,,,,,,,,,,,,,,,,,,,,,,,,,
w76344492,"76344492",way,"6",administrative,,,,,,,,,,,,,,,,,,,,,,,,,,,,,,,,,,,,,,,,,,,,,,,,,,,,,,,
w76344494,"76344494",way,"6",administrative,,,,,,,,,,,,,,,,,,,,,,,,,,,,,,,,,,,,,,,,,,,,,,,,,,,,,,,
w76344495,"76344495",way,"6",administrative,,,,,,,,,,,,,,,,,,,,,,,,,,,,,,,,,,,,,,,,,,,,,,,,,,,,,,,
w76344496,"76344496",way,"8",administrative,,,,,,,,,,,,,,,,,,,,,,,,,,,,,,,,,,,,,,,,,,,,,,,,,,,,,,,
w76344606,"76344606",way,"6",administrative,,,,,,,,,,,,,,,,,,,,,,,,,,,,,,,,,,,,,,,,,,,,,,,,,,,,,,,
w110750583,"110750583",way,,,,secondary,"2",35 mph,130th Place Northeast,,,A41,"King, WA",,,,130th,,NE,,,,,,,,,,,"1",,,,,,,,,,,,,,,,,,,,,,,,,,,,,
w142655318,"142655318",way,,,,primary,"2",40 mph,148th Avenue Northeast,yes,,A41,"King, WA",no,,,148th,,NE,,,,,,,,,,,,,,,,,,,,,,,,,,,,,,,,,,,,,,,,
w158232219,"158232219",way,,,,secondary,"4",35 mph,North 145th Street,,asphalt,A31,"King, WA",,,,145th,,,,,,N,,designated,,,,St,,,,,,,,,,,,,,,,,,,,,,,,,,,,,,
w158232224,"158232224",way,,,,secondary,"4",35 mph,North 145th Street,,asphalt,A31,"King, WA",,,,145th,,,,,,N,,,,,,St,,,,,,,,,,,,,,,,,,,,,,,,,,,,,,
w159541067,"159541067",way,,,coastline,,,,,,,,,,,,,,,,,,,,,,,,,,,,,,,,,,,,,,,,,,,,,,,,,,,,,,
w161930037,"161930037",way,,,,tertiary,"2",,Northeast Points Drive,,asphalt,A41,"King, WA",no,,,Points,,NE,,,,NE,,,,,,,,,,,,,,,,,,,,,,,,,,,,,,,,,,,,
w162180916,"162180916",way,"8",administrative,,,,,,,,,,,,,,,,,,,,,,,,,,,,,,,,,,,,,,,,,,,,,,,,,,,,,,,
w162978584,"162978584",way,,,,secondary,,35 mph,South 180th Street,,,A41,"King, WA",no,,,180th,,,,,,S,,,,,,,,,,,,,,,,,,,,,,,,,,,,,,,,,,,,
w224264066,"224264066",way,,,,tertiary,"2",,Northeast Points Drive,,asphalt,A41,"King, WA",no,,,Points,,NE,,,,NE,,,,,,,"1",,,,,,,,,"1",,,,,,,,no,permissive,,,,,,,,,,,
w238798711,"238798711",way,"8",administrative,,,,,,,,,,,,,,,,,,,,,,,,,,,,,,,,,,,,,,,,,,,,,,,,,,,,,,,
w238802580,"238802580",way,"8",administrative,,,,,,,,,,,,,,,,,,,,,,,,,,,,,,,,,,,,,,,,,,,,,,,,,,,,,,,
w243349942,"243349942",way,,,,tertiary,"2",25 mph,Martin Luther King Junior Way,,,,,no,,,,,,,,,,,,,Q8027,Empire Way South,,,,,,,,,,,,,,,,,,,,,,,,,,,,,,,
w248338486,"248338486",way,"6",administrative,,,,,,,,,,,,,,,,,,,,,,,,,,,,,,,,,,,,,,,,,,,,,,,,,,,,,,,
w252178262,"252178262",way,"8",administrative,,,,,,,,,,,,,,,,,,,,,,,,,,,,,,,,,,,,,,,,,,,,,,,,,,,,,,,
w252178263,"252178263",way,"8",administrative,,,,,,,,,,,,,,,,,,,,,,,,,,,,,,,,,,,,,,,,,,,,,,,,,,,,,,,
w252178264,"252178264",way,"8",administrative,,,,,,,,,,,,,,,,,,,,,,,,,,,,,,,,,,,,,,,,,,,,,,,,,,,,,,,
w252178266,"252178266",way,"8",administrative,,,,,,,,,,,,,,,,,,,,,,,,,,,,,,,,,,,,,,,,,,,,,,,,,,,,,,,
w255452701,"255452701",way,"8",administrative,,,,,,,,,,,,,,,,,,,,,,,,,,,,,,,,,,,,,,,,,,,,,,,,,,,,,,,
w255454923,"255454923",way,"8",administrative,,,,,,,,,,,,,,,,,,,,,,,,,,,,,,,,,,,,,,,,,,,,,,,,,,,,,,,
w255858043,"255858043",way,,,,secondary_link,"1",,,yes,,,,,,,,,,Lake Washington Boulevard Northeast,,,,,,,,,,,,,,,,,,,,,,,,,,,,,,,,,,,,,,,
w259108097,"259108097",way,,,,secondary,"5",35 mph,Northeast 124th Street,,asphalt,A41,"King, WA",,,,124th,,,,,,NE,,designated,lane,,,,"2",,,,,,,,,"2",,,,,,,,,,"1",left,,,,,,,,,
w259277920,"259277920",way,,,,tertiary,"2",25 mph,East Cherry Street,,,A41,"King, WA",,,,Cherry,,,,,,E,,designated,shared_lane,,,St,,both,yes,,,,,,,,,,,,,,,,,,,,,,,,,,,
w259413421,"259413421",way,"8",administrative,,,,,,,,,,,,,,,,,,,,,,,,,,,,,,,,,,,,,,,,,,,,,,,,,,,,,,,
w260544584,"260544584",way,,,,secondary,"5",35 mph,South 277th Street,,asphalt,A41,"King, WA",no,,,277th,52nd,,,,,S,S,designated,lane,,,,"3",,,South 52nd Street Northeast,,,,,,"2",NE,left|through|through,,,,,,,,,,,,,,,,,,
w260544585,"260544585",way,,,,secondary,"6",45 mph,South 277th Street,no,asphalt,A41,"King, WA",no,,,277th,52nd,,,,,S,S,,,,,,"4",,,South 52nd Street Northeast,,,,,,"2",NE,left|through|through|right,,,,,,,,,,,,,,,,,,
w262335216,"262335216",way,"8",administrative,,,,,,,,,,,,,,,,,,,,,,,,,,,,,,,,,,,,,,,,,,,,,,,,,,,,,,,
w272118214,"272118214",way,"8",administrative,,,,,,,,,,,,,,,,,,,,,,,,,,,,,,,,,,,,,,,,,,,,,,,,,,,,,,,
w275404645,"275404645",way,"6",administrative,,,,,,,,,,,,,,,,,,,,,,,,,,,,,,,,,,,,,,,,,,,,,,,,,,,,,,,
w275404647,"275404647",way,"6",administrative,,,,,,,,,,,,,,,,,,,,,,,,,,,,,,,,,,,,,,,,,,,,,,,,,,,,,,,
w275404664,"275404664",way,"8",administrative,,,,,,,,,,,,,,,,,,,,,,,,,,,,,,,,,,,,,,,,,,,,,,,,,,,,,,,
w275404665,"275404665",way,"6",administrative,,,,,White River,,,,,,,,,,,,,,,,,,,,,,,,,,,,,,,,,,,river,,,,,,,,,,,,,,,
w275419365,"275419365",way,"8",administrative,coastline,,,,,,,,,,,,,,,,,,,,,,,,,,,,,,,,,,,,,,,,,,,,,,,,,,,,,,
w275419374,"275419374",way,"6",administrative,,,,,,,,,,,,,,,,,,,,,,,,,,,,,,,,,,,,,,,,,,,,,,,,,,,,,,,
w275419377,"275419377",way,"6",administrative,,,,,,,,,,,,,,,,,,,,,,,,,,,,,,,,,,,,,,,,,,,,,,,,,,,,,,,
w275419380,"275419380",way,"6",administrative,,,,,Northwest 205th Street - 244th Street Southwest,,,,,,,,,,,,,,,,,,,,,,,,,,,,,,,,,,,,,,,,,,Northwest 205th Street,244th Street Southwest,,,,,,,
w275419384,"275419384",way,"6",administrative,,,,,,,,,,,,,,,,,,,,,,,,,,,,,,,,,,,,,,,,,,,,,,,,,,,,,,,
w275420564,"275420564",way,"6",administrative,,,,,,,,,,,,,,,,,,,,,,,,,,,,,,,,,,,,,,,,,,,,,,,,,,,,,,,
w275420565,"275420565",way,"6",administrative,,,,,,,,,,,,,,,,,,,,,,,,,,,,,,,,,,,,,,,,,,,,,,,,,,,,,,,
w275420566,"275420566",way,"6",administrative,,,,,,,,,,,,,,,,,,,,,,,,,,,,,,,,,,,,,,,,,,,,,,,,,,,,,,,
w275420567,"275420567",way,"6",administrative,,,,,,,,,,,,,,,,,,,,,,,,,,,,,,,,,,,,,,,,,,,,,,,,,,,,,,,
w275420568,"275420568",way,"6",administrative,,,,,,,,,,,,,,,,,,,,,,,,,,,,,,,,,,,,,,,,,,,,,,,,,,,,,,,
w275420569,"275420569",way,"6",administrative,,,,,,,,,,,,,,,,,,,,,,,,,,,,,,,,,,,,,,,,,,,,,,,,,,,,,,,
w279467136,"279467136",way,,,,tertiary,"2",25 mph,Martin Luther King Junior Way East,,,,,,,,,,,,,,,,,,Q8027,Empire Way South,,,,,,,,,,,,,,,,,,,,,,,,,,,,,,,
w302505897,"302505897",way,,,,primary,,35 mph,148th Avenue Northeast,yes,asphalt,A41,"King, WA",no,,,148th,,NE,,,,,,,,,,,,,,,,,,,,,,,,,,,,,,,,,,,,,,,,
w303398835,"303398835",way,"8",administrative,,,,,,,,,,,,,,,,,,,,,,,,,,,,,,,,,,,,,,,,,,,,,,,,,,,,,,,
w304462350,"304462350",way,"8",administrative,,,,,,,,,,,,,,,,,,,,,,,,,,,,,,,,,,,,,,,,,,,,,,,,,,,,,,,
w316434019,"316434019",way,"8",administrative,,,,,,,,,,,,,,,,,,,,,,,,,,,,,,,,,,,,,,,,,,,,,,,,,,,,,,,
w333927557,"333927557",way,"8",administrative,,,,,,,,,,,,,,,,,,,,,,,,,,,,,,,,,,,,,,,,,,,,,,,,,,,,,,,
w333929239,"333929239",way,"8",administrative,,,,,,,,,,,,,,,,,,,,,,,,,,,,,,,,,,,,,,,,,,,,,,,,,,,,,,,
w335999396,"335999396",way,,,,primary,"4",35 mph,Northeast 145th Street,no,asphalt,A31,"King, WA",no,,,145th,State Route 523,,,,WA 523,NE,,,,,,Street,,,,State Route 523,,,,,,,,,,,,,,,,,,,,intersection,,,,,,
w335999397,"335999397",way,,,,primary,"4",30 mph,Northeast 145th Street,no,,A31,"King, WA",yes,,,145th,State Route 523,,,,WA 523,NE,,,,,,Street,,both,,,,,,,,,,,,,,,,,,,,,,,,,,,,
w335999398,"335999398",way,,,,primary,"4",35 mph,Northeast 145th Street,no,asphalt,A31,"King, WA",no,,,145th,State Route 523,,,,WA 523,NE,,,,,,Street,,,,State Route 523,,,,,,,,,,,,,,,,,,,,,,,,,,
w336908258,"336908258",way,,,,residential,"2",25 mph,37th Avenue,,,A41,"King, WA",no,,,37th,,,,,,,,,,,,Ave,,,,,,,,,,,,,,,,,,,,,,,,,,,,,,
w336908260,"336908260",way,,,,residential,"2",25 mph,38th Avenue,,,A41,"King, WA",no,,,38th,,,,,,,,,,,,Ave,,,,,,,,,,,,,,,,,,,,,,,,,,,,,,
w336908262,"336908262",way,,,,residential,"2",25 mph,East Denny Way,,,A41,"King, WA",no,,,Denny,,,,,,E,,,,,,Way,,,,,,,,,,,,,,,,,,,,,,,,,,,,,,
w336908263,"336908263",way,,,,residential,"2",25 mph,Fullerton Avenue,,,A41,"King, WA",no,,,Fullerton,,,,,,,,,,,,Ave,,,,,,,,,,,,,,,,,,,,,,,,,,,,,,
w346952069,"346952069",way,"8",administrative,,,,,,,,,,,,,,,,,,,,,,,,,,,,,,,,,,,,,,,,,,,,,,,,,,,,,,,
w346952070,"346952070",way,"8",administrative,,,,,,,,,,,,,,,,,,,,,,,,,,,,,,,,,,,,,,,,,,,,,,,,,,,,,,,
w347273535,"347273535",way,"8",administrative,,,,,,,,,,,,,,,,,,,,,,,,,,,,,,,,,,,,,,,,,,,,,,,,,,,,,,,
w353714429,"353714429",way,"8",administrative,,,,,,,,,,,,,,,,,,,,,,,,,,,,,,,,,,,,,,,,,,,,,,,,,,,,,,,
w353714430,"353714430",way,,,,tertiary,"2",,8th Avenue South,no,asphalt,,,,,,,,,,,,,,,,,,,,,,,,,,,,,,,,,,,,,,,,,,,,,,,,
w353714431,"353714431",way,,,,tertiary,"2",30 mph,8th Avenue South,no,asphalt,,,,,,,,,,,,,,,,,,,,,,,,,,,,,,,,,,,,,,,,,,,,,,,,
w353714434,"353714434",way,,,,primary,"5",40 mph,Des Moines Memorial Drive South,no,asphalt,A31,"King, WA",,,,Des Moines Memorial,State Route 509,,,,WA 509,,,,,,,,"2",no,,State Route 509,,,,,,"3",,,left||,,,,,,,,,,,,,,,,,
w353714435,"353714435",way,,,,primary,"4",40 mph,Des Moines Memorial Drive South,no,asphalt,A31,"King, WA",,,,Des Moines Memorial,State Route 509,,,,WA 509,,,,,,,,,no,,State Route 509,,,,,,,,,,,,,,,,,,,,,,,,,,
w353714438,"353714438",way,,,,secondary,"2",35 mph,Des Moines Memorial Drive South,,,,,,,,,,,,,,,,,,,,,,,,,,,,,,,,,,,,,,,,,,,,,,,,,,
w359618847,"359618847",way,,,,secondary,"5",35 mph,Southwest 43rd Street,,,A41,"King, WA",no,,South 180th Street,43rd,180th,,,,,SW,S,,,,,,"3",,,,,,,,,"2",,left||,,,,,,,,,,,,,,,,,,
w362631146,"362631146",way,,,,primary,"6",50 mph,68th Avenue South,,asphalt,,,,,West Valley Highway,,,,,,WA 181,,,,,,,,"4",both,,,,,,,,"2",,,,,,,,,,,,,,,yes,,,,,
w362636436,"362636436",way,,,,secondary,"6",45 mph,South 277th Street,,asphalt,A41,"King, WA",no,,,277th,52nd,,,,,S,S,designated,lane,,,,"4",,,South 52nd Street Northeast,,,,,,"2",NE,through|none|none|right,,,,,,,,,,,,,,,,,,
w362636441,"362636441",way,,,,secondary,"4",45 mph,South 277th Street,no,asphalt,A41,"King, WA",no,,,277th,52nd,,,,,S,S,,,,,,,,,South 52nd Street Northeast,,,,,,,NE,,,,,,,,,,,,,,,,,,,
w362636443,"362636443",way,,,,secondary,"6",45 mph,South 277th Street,,asphalt,A41,"King, WA",no,,,277th,52nd,,,,,S,S,designated,lane,,,,"2",,,South 52nd Street Northeast,,,,,,"4",NE,,left|through|through|right,,,,,,,,,,,,,,,,,
w362636444,"362636444",way,,,,secondary,"7",35 mph,South 277th Street,,paved,A41,"King, WA",,,,277th,52nd,,,,,S,S,designated,lane,,,,"3",,,South 52nd Street Northeast,yes,"2",,,,"4",NE,left|through|through,left|left|none|through,designated|||,,,,,,,,,,,,,,,,
w362636445,"362636445",way,,,,secondary,"7",35 mph,South 277th Street,,asphalt,A41,"King, WA",no,,,277th,52nd,,,,,S,S,designated,lane,,,,"4",,,South 52nd Street Northeast,,,,,designated|||,"3",NE,left|left|through|through,left|through|through,,,,,,,,,,,,,,,,,
w362636446,"362636446",way,,,,secondary,"6",35 mph,South 277th Street,,asphalt,A41,"King, WA",no,,,277th,52nd,,,,,S,S,designated,lane,,,,"2",,,South 52nd Street Northeast,,,,,,"4",NE,,through|through|through|right,,,,,,,,,,,,,,,,,
w363681893,"363681893",way,,,,secondary,"3",,Northup Way,,,A41,"King, WA",no,,,Northup,,,,,,,,,,,,,"1",,,,,,,,,"1",,,,,,,,,,"1",left,,,,,,,,,
w363681894,"363681894",way,,,,secondary_link,"1",,,yes,,,,,,,,,,Northeast Points Drive,,,,,,,,,,,,,,,,,,,,,,,,,,,,,,,,,,,,,,,
w363812450,"363812450",way,"8",administrative,,,,,,,,,,,,,,,,,,,,,,,,,,,,,,,,,,,,,,,,,,,,,,,,,,,,,,,
w363812451,"363812451",way,,,,primary,"2",40 mph,148th Avenue Northeast,yes,,A41,"King, WA",no,,,148th,,NE,,,,,,,,,,,,,,,,,,,,,,,,,,,,,,,,,,,,,,,,
w363812457,"363812457",way,,,,primary,"2",40 mph,148th Avenue Northeast,yes,,A41,"King, WA",no,,,148th,,NE,,,,,,,,,,,,,,,,,,,,,,,,,,,,,,,,,,,,,,,,
w364969426,"364969426",way,"8",administrative,,,,,,,,,,,,,,,,,,,,,,,,,,,,,,,,,,,,,,,,,,,,,,,,,,,,,,,
w365213165,"365213165",way,,,,secondary,"2",35 mph,Des Moines Memorial Drive South,,,,,,,,,,,,,,,,,,,,,,,,,,,,,,,,,,,,,,,,,,,,,,,,,,
w365213166,"365213166",way,,,,secondary,"3",35 mph,Des Moines Memorial Drive South,,,,,,,,,,,,,,,,,,,,,"2",,,,,,,,,"1",,left|,,,,,,,,,,,,,,,,,,
w365213167,"365213167",way,,,,secondary,"2",,Des Moines Memorial Drive South,,asphalt,,,,,,,,,,,,,,,,,,,,,,,,,,,,,,,,,,,,,,,,,,,,,,,,
w368216912,"368216912",way,"8",administrative,,,,,,,,,,,,,,,,,,,,,,,,,,,,,,,,,,,,,,,,,,,,,,,,,,,,,,,
w368216913,"368216913",way,,,,tertiary,"2",,Northeast 193rd Street,,,A41,"King, WA",no,,,193rd,,,,,,NE,,,,,,,,,,,,,,,,,,,,,,,,,,,,,,,,,,,,
w369432862,"369432862",way,,,,tertiary,,30 mph,42nd Avenue South,,,,,,,,,,,,,,,,,,,,,,,,,,,,,,,,,,,,,,,,,,,,,,"King, WA",,,,
w369432863,"369432863",way,,,,tertiary,,30 mph,42nd Avenue South,,,,,,,,,,,,,,,,,,,,,,,,,,,,,,,,,,,,,,,,,,,,,,"King, WA",,,,
w369432869,"369432869",way,,,,residential,,25 mph,South 164th Street,,,A41,"King, WA",,,,164th,,,,,,S,,,,,,,,,,,,,,,,,,,,,,,,,,,,,,,,,,,,
w370811246,"370811246",way,"8",administrative,,,,,,,,,,,,,,,,,,,,,,,,,,,,,,,,,,,,,,,,,,,,,,,,,,,,,,,
w371010499,"371010499",way,,,,primary,"4",30 mph,Northeast 145th Street,no,,A31,"King, WA",no,,,145th,State Route 523,,,,WA 523,NE,,,,,,Street,,,,,,,,,,,,,,,,,,,,,,,,,,,,,,
w372362676,"372362676",way,,,,secondary,"5",35 mph,Southwest 43rd Street,,asphalt,A41,"King, WA",no,,South 180th Street,43rd,180th,,,,,SW,S,,,,,,"2",,,,,,,,,"2",,,,,,,,,,"1",left,,,,,,,,,
w373086711,"373086711",way,"8",administrative,,,,,,,,,,,,,,,,,,,,,,,,,,,,,,,,,,,,,,,,,,,,,,,,,,,,,,,
w373086720,"373086720",way,,,,secondary,,35 mph,South 277th Street,,,A41,"King, WA",,,,277th,52nd,,,,,S,S,,,,,,,,,South 52nd Street Northeast,yes,"1",,,,,NE,,,,,,,,,,,,,,,,,,,
w373086731,"373086731",way,,,,secondary,"5",35 mph,South 277th Street,,,A41,"King, WA",no,,South 52nd Street Northeast,277th,52nd,,,,,S,S,,,,,,"3",,,,,"1",,,,"2",NE,left||right,,,,,,,,,,,,,,,,,,
w376321986,"376321986",way,"6",administrative,,,,,Meadow Creek,,,,,,,,,,,,,,,,,,,,,,,,,,,,,,,,,,,stream,,,,,,,,,,,,,,,
w376779001,"376779001",way,,,,primary,"2",40 mph,148th Avenue Northeast,yes,,A41,"King, WA",no,,,148th,,NE,,,,,,,,,,,,,,,,,,,,,,,,,,,,,,,,,,,,,,,,
w377780199,"377780199",way,"8",administrative,,,,,,,,,,,,,,,,,,,,,,,,,,,,,,,,,,,,,,,,,,,,,,,,,,,,,,,
w377780200,"377780200",way,,,,residential,,,Holmes Point Drive Northeast,,,A41,"King, WA",yes,,,Holmes Point,,NE,,,,,,,,,,,,,,,,,,,,,,,,,,,,,,,,,,,,,,,,
w377780201,"377780201",way,,,,secondary,"4",35 mph,Juanita Drive Northeast,no,asphalt,,,,,Juanita Drive Northeast,,,,,,,,,,,,,,"2",,,,,,,,,"2",,,|right,,,,lane,,,,,,,,,,,,,
w377780203,"377780203",way,,,,secondary,"2",35 mph,Juanita Drive Northeast,no,asphalt,,,,,Juanita Drive Northeast,,,,,,,,,,,,,,,,,,,,,,,,,,,,,,lane,,,,,,,,,,,,,
w380141890,"380141890",way,,,,tertiary,"2",35 mph,224th Avenue Southeast,,asphalt,A41,"King, WA",yes,,,224th,,SE,,,,,,,,,,Ave,,,,,,,,,,,,,,,,,,,,,,,,,,,,,,
w380141891,"380141891",way,,,,tertiary,"2",35 mph,224th Avenue Southeast,,asphalt,A41,"King, WA",no,,,224th,,SE,,,,,,,,,,Ave,,,,,,,,,,,,,,,,,,,,,,,,,,,,,,
w380141895,"380141895",way,,,,tertiary,"2",35 mph,228th Avenue Southeast,,asphalt,A41,"King, WA",yes,,,228th,,SE,,,,,,,,,,Ave,,,,,,,,,,,,,,,,,,,,,,,,,,,,,,
w380141896,"380141896",way,,,,tertiary,"2",45 mph,Lake Sawyer Road Southeast,,asphalt,A41,"King, WA",yes,,,Lake Sawyer,,SE,,,,,,,,,,Rd,,,,,,,,,,,,,,,,,,,,,,,,,,,,,,
w382618025,"382618025",way,,,,secondary,,,55th Avenue Northeast,,,A41,"King, WA",,,,55th,,NE,,,,,,,,,,,,,,,,,,,,,,,,,,,,,,,,,,,,,,,,
w393273759,"393273759",way,"8",administrative,,,,,,,,,,,,,,,,,,,,,,,,,,,,,,,,,,,,,,,,,,,,,,,,,,,,,,,
w393311982,"393311982",way,"8",administrative,,,,,,,,,,,,,,,,,,,,,,,,,,,,,,,,,,,,,,,,,,,,,,,,,,,,,,,
w393465509,"393465509",way,"8",administrative,,,,,,,,,,,,,,,,,,,,,,,,,,,,,,,,,,,,,,,,,,,,,,,,,,,,,,,
w393465510,"393465510",way,"8",administrative,,,,,,,,,,,,,,,,,,,,,,,,,,,,,,,,,,,,,,,,,,,,,,,,,,,,,,,
w395344169,"395344169",way,"8",administrative,,,,,,,,,,,,,,,,,,,,,,,,,,,,,,,,,,,,,,,,,,,,,,,,,,,,,,,
w395344170,"395344170",way,"8",administrative,,,,,,,,,,,,,,,,,,,,,,,,,,,,,,,,,,,,,,,,,,,,,,,,,,,,,,,
w396452860,"396452860",way,"8",administrative,,,,,,,,,,,,,,,,,,,,,,,,,,,,,,,,,,,,,,,,,,,,,,,,,,,,,,,
w399732866,"399732866",way,"8",administrative,,,,,,,,,,,,,,,,,,,,,,,,,,,,,,,,,,,,,,,,,,,,,,,,,,,,,,,
w402083658,"402083658",way,,,,primary,"4",40 mph,148th Avenue Northeast,yes,,A41,"King, WA",no,,,148th,,NE,,,,,,,,,,,,,,,,,,,,,,,,,,,,,,,,,,,,,left|||right,,,
w402799843,"402799843",way,,,,primary,"6",45 mph,International Boulevard,,asphalt,,,,,,,,,,,WA 99,,,,,,,,"2",,,,,,,"WA 99 (Old US 99;PSH 1)",,"4",,,left|||right,,,,,,,,,,,,,,,,,
w408280399,"408280399",way,"6",administrative,,,,,,,,,,,,,,,,,,,,,,,,,,,,,,,,,,,,,,,,,,,,,,,,,,,,,county,,
w408280407,"408280407",way,"6",administrative,,,,,,,,,,,,,,,,,,,,,,,,,,,,,,,,,,,,,,,,,,,,,,,,,,,,,county,,
w408280413,"408280413",way,"6",administrative,,,,,,,,,,,,,,,,,,,,,,,,,,,,,,,,,,,,,,,,,,,,,,,,,,,,,county,,
w408280414,"408280414",way,"6",administrative,,,,,,,,,,,,,,,,,,,,,,,,,,,,,,,,,,,,,,,,,,,,,,,,,,,,,county,,
w408280416,"408280416",way,"6",administrative,,,,,,,,,,,,,,,,,,,,,,,,,,,,,,,,,,,,,,,,,,,,,,,,,,,,,county,,
w408291504,"408291504",way,"6",administrative,,,,,,,,,,,,,,,,,,,,,,,,,,,,,,,,,,,,,,,,,,,,,,,,,,,,,county,,
w408291532,"408291532",way,"6",administrative,,,,,,,,,,,,,,,,,,,,,,,,,,,,,,,,,,,,,,,,,,,,,,,,,,,,,county,,
w408291551,"408291551",way,"6",administrative,,,,,,,,,,,,,,,,,,,,,,,,,,,,,,,,,,,,,,,,,,,,,,,,,,,,,county,,
w408291570,"408291570",way,"6",administrative,,,,,,,,,,,,,,,,,,,,,,,,,,,,,,,,,,,,,,,,,,,,,,,,,,,,,county,,
w408291574,"408291574",way,"6",administrative,,,,,,,,,,,,,,,,,,,,,,,,,,,,,,,,,,,,,,,,,,,,,,,,,,,,,county,,
w408437133,"408437133",way,"6",administrative,,,,,,,,,,,,,,,,,,,,,,,,,,,,,,,,,,,,,,,,,,,,,,,,,,,,,,,
w408437134,"408437134",way,"6",administrative,,,,,,,,,,,,,,,,,,,,,,,,,,,,,,,,,,,,,,,,,,,,,,,,,,,,,,,
w408437135,"408437135",way,"6",administrative,,,,,,,,,,,,,,,,,,,,,,,,,,,,,,,,,,,,,,,,,,,,,,,,,,,,,,,
w408437136,"408437136",way,"6",administrative,,,,,,,,,,,,,,,,,,,,,,,,,,,,,,,,,,,,,,,,,,,,,,,,,,,,,,,
w408437137,"408437137",way,"6",administrative,,,,,,,,,,,,,,,,,,,,,,,,,,,,,,,,,,,,,,,,,,,,,,,,,,,,,,,
w408437138,"408437138",way,"6",administrative,,,,,,,,,,,,,,,,,,,,,,,,,,,,,,,,,,,,,,,,,,,,,,,,,,,,,,,
w408437139,"408437139",way,"6",administrative,,,,,,,,,,,,,,,,,,,,,,,,,,,,,,,,,,,,,,,,,,,,,,,,,,,,,,,
w408437143,"408437143",way,"6",administrative,,,,,,,,,,,,,,,,,,,,,,,,,,,,,,,,,,,,,,,,,,,,,,,,,,,,,,,
w408437150,"408437150",way,"6",administrative,,,,,,,,,,,,,,,,,,,,,,,,,,,,,,,,,,,,,,,,,,,,,,,,,,,,,,,
w408442924,"408442924",way,"6",administrative,,,,,,,,,,,,,,,,,,,,,,,,,,,,,,,,,,,,,,,,,,,,,,,,,,,,,,,
w408442925,"408442925",way,"6",administrative,,,,,,,,,,,,,,,,,,,,,,,,,,,,,,,,,,,,,,,,,,,,,,,,,,,,,,,
w408442935,"408442935",way,"6",administrative,,,,,,,,,,,,,,,,,,,,,,,,,,,,,,,,,,,,,,,,,,,,,,,,,,,,,county,,
w422104748,"422104748",way,"8",administrative,coastline,,,,,,,,,,,,,,,,,,,,,,,,,,,,,,,,,,,,,,,,,,,,,,,,,,,,,,
w427893536,"427893536",way,,,,primary,"5",35 mph,Northeast 145th Street,no,asphalt,A31,"King, WA",yes,,,145th,State Route 523,,,,WA 523,NE,,,,,,Street,"2",both,,,,,,,,"3",,,left||,,,,,,,,,,,,,,,,,
w427893537,"427893537",way,,,,primary,"5",30 mph,Northeast 145th Street,no,asphalt,A31,"King, WA",yes,,,145th,State Route 523,,,,WA 523,NE,,,,,,Street,"3",both,,,,,,,,"2",,left||,,,,,,,,,,,,,,,,,,
w427893538,"427893538",way,,,,primary,"4",35 mph,Northeast 145th Street,no,asphalt,A31,"King, WA",yes,,,145th,State Route 523,,,,WA 523,NE,,,,,,Street,,both,,,,,,,,,,,,,,,,,,,,,,,,,,,,
w427900354,"427900354",way,,,,primary,"5",30 mph,Northeast 145th Street,no,,A31,"King, WA",no,,,145th,State Route 523,,,,WA 523,NE,,,,,,Street,"2",,,,,,,,,"3",,,"left|left;through|right",,,,,,,,,,,,,,,,,
w428014761,"428014761",way,,,,secondary,"5",35 mph,Northeast 124th Street,,asphalt,A41,"King, WA",,,,124th,,,,,,NE,,designated,lane,,,,"3",,,,,,,,,"2",,left||,,,,,,,,,,,,,,,,,,
w428014764,"428014764",way,,,,secondary,"5",35 mph,Northeast 124th Street,,asphalt,A41,"King, WA",,,,124th,,,,,,NE,,designated,lane,,,,"2",,,,,,,,,"3",,,left||,,,,,,,,,,,,,,,,,
w428014773,"428014773",way,,,,secondary,"6",35 mph,Northeast 124th Street,,asphalt,A41,"King, WA",,,,124th,,,,,,NE,,designated,lane,,,,"2",,,,,,,,,"4",,,left|||right,,,,,,,,,,,,,,,,,
w428023446,"428023446",way,"8",administrative,,,,,,,,,,,,,,,,,,,,,,,,,,,,,,,,,,,,,,,,,,,,,,,,,,,,,,,
w428056671,"428056671",way,,,,primary,,45 mph,International Boulevard,,,,,,,,,,,,,WA 99,,,,,,,,,,,State Route 99,,,,"WA 99 (Old US 99;PSH 1)",,,,,,,,,,,,,,,,,,,,,,
w428056672,"428056672",way,,,,primary,"5",45 mph,International Boulevard,,asphalt,,,,,,,,,,,WA 99,,,,,,,,"2",,,State Route 99,,,,"WA 99 (Old US 99;PSH 1)",,"3",,,left||,,,,,,,,,,,,,,,,,
w428056673,"428056673",way,,,,primary,"6",45 mph,International Boulevard,,,,,,,,,,,,,WA 99,,,,,,,,"4",,,Pacific Highway South,yes,"1",State Route 99,"US 99;PSH 1",,"2",,left|||,,,,,,,,,,,,,,,,,,
w428062705,"428062705",way,,,,secondary,"3",35 mph,Des Moines Memorial Drive South,,,,,,,,,,,,,,,,,,,,,"1",,,,,,,,,"2",,,left|,,,,,,,,,,,,,,,,,
w428062706,"428062706",way,,,,secondary,"3",,Des Moines Memorial Drive South,,,,,,,,,,,,,,,,,,,,,"2",,,,,,,,,"1",,left|,,,,,,,,,,,,,,,,,,
w428062707,"428062707",way,,,,secondary,"3",,Des Moines Memorial Drive South,,,,,,,,,,,,,,,,,,,,,"2",,,,,,,,,"1",,|right,,,,,,,,,,,,,,,,,,
w428062708,"428062708",way,,,,secondary,"2",35 mph,Des Moines Memorial Drive South,,,,,,,,,,,,,,,,,,,,,,,,,,,,,,,,,,,,,,,,,,,,,,,,,,
w428065440,"428065440",way,,,,primary,"2",40 mph,148th Avenue Northeast,yes,,A41,"King, WA",no,,,148th,,NE,,,,,,,,,,,,,,,,,,,,,,,,,,,,,,,,,,,,,,,,
w428065444,"428065444",way,,,,primary,"2",40 mph,148th Avenue Northeast,yes,,A41,"King, WA",no,,,148th,,NE,,,,,,,,,,,,,,,,,,,,,,,,,,,,,,,,,,,,,,,,
w428065448,"428065448",way,,,,primary,"3",40 mph,148th Avenue Northeast,yes,,A41,"King, WA",no,,,148th,,NE,,,,,,,,,,,,,,,,,,,,,,,,,,,,,,,,,,,,,left||,,,
w428065459,"428065459",way,,,,primary,"3",40 mph,148th Avenue Northeast,yes,,A41,"King, WA",no,,,148th,,NE,,,,,,,,,,,,,,,,,,,,,,,,,,,,,,,,,,,,,||right,,,
w428065473,"428065473",way,,,,primary,"3",40 mph,148th Avenue Northeast,yes,,A41,"King, WA",no,,,148th,,NE,,,,,,,,,,,,,,,,,,,,,,,,,,,,,,,,,,,,,left||,,,
w428065482,"428065482",way,,,,primary,"2",40 mph,148th Avenue Northeast,yes,,A41,"King, WA",no,,,148th,,NE,,,,,,,,,,,,,,,,,,,,,,,,,,,,,,,,,,,,,,,,
w428065511,"428065511",way,,,,primary,"2",40 mph,148th Avenue Northeast,yes,,A41,"King, WA",no,,,148th,,NE,,,,,,,,,,,,,,,,,,,,,,,,,,,,,,,,,,,,,,,,
w428065836,"428065836",way,,,,primary,"4",35 mph,148th Avenue Northeast,yes,asphalt,A41,"King, WA",no,,,148th,,NE,,,,,,,,,,,,,,,,,,,,,,,,,,,,,,,,,,,,,left|||right,,,
w428065837,"428065837",way,,,,primary,"3",40 mph,148th Avenue Northeast,yes,asphalt,,,,,,,,,,,,,,,,,,,,,,,,,,,,,,,,,,,,,,,,,,,,,,,,
w428065839,"428065839",way,,,,primary,"3",35 mph,148th Avenue Northeast,yes,asphalt,A41,"King, WA",no,,,148th,,NE,,,,,,,,,,,,,,,,,,,,,,,,,,,,,,,,,,,,,left||,,,
w428065847,"428065847",way,,,,primary,"3",35 mph,148th Avenue Northeast,yes,asphalt,A41,"King, WA",no,,,148th,,NE,,,,,,,,,,,,,,,,,,,,,,,,,,,,,,,,,,,,,left||,,,
w428065851,"428065851",way,,,,primary,"2",35 mph,148th Avenue Northeast,yes,asphalt,A41,"King, WA",no,,,148th,,NE,,,,,,,,,,,,,,,,,,,,,,,,,,,,,,,,,,,,,,,,
w428065853,"428065853",way,,,,primary,"4",40 mph,148th Avenue Northeast,yes,asphalt,,,,,,,,,,,,,,,,,,,,,,,,,,,,,,,,,,,,,,,,,,,,,left|left||,,,
w428065855,"428065855",way,,,,primary,"4",35 mph,148th Avenue Northeast,yes,asphalt,A41,"King, WA",no,,,148th,,NE,,,,,,,,,,,,,,,,,,,,,,,,,,,,,,,,,,,,,left|||,,yes,
w428066050,"428066050",way,,,,secondary,"4",,Des Moines Memorial Drive South,,,,,,,,,,,,,,,,,,,,,"1",,,,,,,,,"3",,,left||right,,,,,,,,,,,,,,,,,
w428066852,"428066852",way,,,,secondary,"2",,Des Moines Memorial Drive South,,asphalt,,,,,,,,,,,,,,,,,,,,,,,,,,,,,,,,,,,,,,,,,,,,,,,,
w428066853,"428066853",way,,,,secondary,"3",,Des Moines Memorial Drive South,,asphalt,,,,,,,,,,,,,,,,,,,"1",,,,,,,,,"2",,,left|,,,,,,,,,,,,,,,,,
w428066854,"428066854",way,,,,secondary,"3",,Des Moines Memorial Drive South,,asphalt,,,,,,,,,,,,,,,,,,,"2",,,,,,,,,"1",,left|,,,,,,,,,,,,,,,,,,
w428066855,"428066855",way,,,,secondary,"3",,Des Moines Memorial Drive South,,,,,,,,,,,,,,,,,,,,,"2",,,,,,,,,"1",,left|,,,,,,,,,,,,,,,,,,
w428066856,"428066856",way,,,,secondary,"3",,Des Moines Memorial Drive South,,,,,,,,,,,,,,,,,,,,,"1",,,,,,,,,"2",,,left|,,,,,,,,,,,,,,,,,
w428066857,"428066857",way,,,,secondary,"2",,Des Moines Memorial Drive South,,,,,,,,,,,,,,,,,,,,,,,,,,,,,,,,,,,,,,,,,,,,,,,,,,
w428073754,"428073754",way,,,,primary,"3",40 mph,148th Avenue Northeast,yes,,A41,"King, WA",no,,,148th,,NE,,,,,,,,,,,,,,,,,,,,,,,,,,,,,,,,,,,,,||right,,,
w428073755,"428073755",way,,,,primary,"3",40 mph,148th Avenue Northeast,yes,asphalt,A41,"King, WA",no,,,148th,,NE,,,,,,,,,,,,,,,,,,,,,,,,,,,,,,,,,,,,,left||,,,
w428073756,"428073756",way,,,,primary,"3",40 mph,148th Avenue Northeast,yes,paved,A41,"King, WA",no,,,148th,,NE,,,,,,,,,,,,,,,,,,,,,,,,,,,,,,,,,,,,,||right,,,
w428073757,"428073757",way,,,,primary,"3",40 mph,148th Avenue Northeast,yes,,A41,"King, WA",no,,,148th,,NE,,,,,,,,,,,,,,,,,,,,,,,,,,,,,,,,,,,,,left||,,,
w428073758,"428073758",way,,,,primary,"4",40 mph,148th Avenue Northeast,yes,paved,A41,"King, WA",no,,,148th,,NE,,,,,,,,,,,,,,,,,,,,,,,,,,,,,,,,,,,,,left|||right,,,
w428073759,"428073759",way,,,,primary,"2",40 mph,148th Avenue Northeast,yes,,A41,"King, WA",no,,,148th,,NE,,,,,,,,,,,,,,,,,,,,,,,,,,,,,,,,,,,,,,,,
w428073761,"428073761",way,,,,primary,"3",40 mph,148th Avenue Northeast,yes,asphalt,A41,"King, WA",no,,,148th,,NE,,,,,,,,,,,,,,,,,,,,,,,,,,,,,,,,,,,,,,,,
w428073764,"428073764",way,,,,primary,"2",40 mph,148th Avenue Northeast,yes,paved,A41,"King, WA",no,,,148th,,NE,,,,,,,,,,,,,,,,,,,,,,,,,,,,,,,,,,,,,,,,
w428073767,"428073767",way,,,,primary,"6",40 mph,148th Avenue Northeast,,,A41,"King, WA",no,,,148th,,NE,,,,,,,,,,,"3",,,,,,,,,"2",,||right,,,,,,,,"1",,,,,,,,,,
w428073768,"428073768",way,,,,primary,"2",40 mph,148th Avenue Northeast,yes,,A41,"King, WA",no,,,148th,,NE,,,,,,,,,,,,,,,,,,,,,,,,,,,,,,,,,,,,,,,,
w428073948,"428073948",way,,,,secondary,"5",35 mph,Southwest 43rd Street,,asphalt,A41,"King, WA",no,,South 180th Street,43rd,180th,,,,,SW,S,,,,,,"2",,,,,,,,,"3",,,||right,,,,,,,,,,,,,,,,,
w428073949,"428073949",way,,,,secondary,"5",35 mph,Southwest 43rd Street,,asphalt,A41,"King, WA",no,,South 180th Street,43rd,180th,,,,,SW,S,,,,,,"2",,,,,,,,,"3",,,left||,,,,,,,,,,,,,,,,,
w428073950,"428073950",way,,,,secondary,"6",35 mph,Southwest 43rd Street,,asphalt,A41,"King, WA",no,,South 180th Street,43rd,180th,,,,,SW,S,,,,,,"2",,,,,,,,,"4",,,left|||right,,,,,,,,,,,,,,,,,
w428073951,"428073951",way,,,,secondary,"4",35 mph,Southwest 43rd Street,,asphalt,A41,"King, WA",no,,South 180th Street,43rd,180th,,,,,SW,S,,,,,,,,,,,,,,,,,,,,,,,,,,,,,,,,,,,
w428073952,"428073952",way,,,,secondary,"5",35 mph,Southwest 43rd Street,,asphalt,A41,"King, WA",no,,South 180th Street,43rd,180th,,,,,SW,S,,,,,,"3",,,,,,,,,"2",,left||,,,,,,,,,,,,,,,,,,
w428073954,"428073954",way,,,,secondary,"5",35 mph,Southwest 43rd Street,,asphalt,A41,"King, WA",no,,South 180th Street,43rd,180th,,,,,SW,S,,,,,,"2",,,,,,,,,"2",,,,,,,,,,"1",left,,,,,,,,,
w428073972,"428073972",way,,,,primary,"5",40 mph,148th Avenue Northeast,,,A41,"King, WA",no,,,148th,,NE,,,,,,,,,,,"2",,,,,,,,,"2",,,,,,,,,,"1",left,,,,,,,,,
w428073974,"428073974",way,,,,primary,"5",40 mph,148th Avenue Northeast,,,A41,"King, WA",no,,,148th,,NE,,,,,,,,,,,"2",,,,,,,,,"2",,,,,,,,,,"1",left,,,,,,,,,
w428089795,"428089795",way,,,,secondary,"5",35 mph,Southwest 43rd Street,,asphalt,A41,"King, WA",no,,South 180th Street,43rd,180th,,,,,SW,S,,,,,,"3",,,,,,,,,"2",,||right,,,,,,,,,,,,,,,,,,
w428089796,"428089796",way,,,,secondary,"4",35 mph,Southwest 43rd Street,,asphalt,A41,"King, WA",no,,South 180th Street,43rd,180th,,,,,SW,S,,,,,,,,,,,,,,,,,,,,,,,,,,,,,,,,,,,
w428089797,"428089797",way,,,,secondary,"5",35 mph,Southwest 43rd Street,,asphalt,A41,"King, WA",no,,South 180th Street,43rd,180th,,,,,SW,S,,,,,,"3",,,,,,,,,"2",,left||,,,,,,,,,,,,,,,,,,
w428089798,"428089798",way,,,,secondary,"5",35 mph,Southwest 43rd Street,,asphalt,A41,"King, WA",no,,South 180th Street,43rd,180th,,,,,SW,S,,,,,,"2",,,,,,,,,"3",,,left||,,,,,,,,,,,,,,,,,
w428089799,"428089799",way,,,,secondary,"4",35 mph,Southwest 43rd Street,,asphalt,A41,"King, WA",no,,South 180th Street,43rd,180th,,,,,SW,S,,,,,,,,,,,,,,,,,,,,,,,,,,,,,,,,,,,
w428089800,"428089800",way,,,,secondary,"5",35 mph,Southwest 43rd Street,,asphalt,A41,"King, WA",no,,South 180th Street,43rd,180th,,,,,SW,S,,,,,,"3",,,,,,,,,"2",,left||right,,,,,,,,,,,,,,,,,,
w428089801,"428089801",way,,,,secondary,"5",35 mph,Southwest 43rd Street,,asphalt,A41,"King, WA",no,,South 180th Street,43rd,180th,,,,,SW,S,,,,,,"2",,,,,,,,,"2",,,,,,,,,,"1",left,,,,,,,,,
w428089802,"428089802",way,,,,secondary,"4",35 mph,Southwest 43rd Street,,asphalt,A41,"King, WA",no,,South 180th Street,43rd,180th,,,,,SW,S,,,,,,,,,,,,,,,,,,,,,,,,,,,,,,,,,,,
w428089803,"428089803",way,,,,secondary,"4",35 mph,Southwest 43rd Street,,asphalt,A41,"King, WA",no,,South 180th Street,43rd,180th,,,,,SW,S,,,,,,,,,,,,,,,,,,,,,,,,,,,,,,,,,,,
w428089804,"428089804",way,,,,secondary,"5",35 mph,Southwest 43rd Street,,asphalt,A41,"King, WA",no,,South 180th Street,43rd,180th,,,,,SW,S,,,,,,"2",,,,,,,,,"3",,,left||,,,,,,,,,,,,,,,,,
w428089805,"428089805",way,,,,secondary,"4",35 mph,Southwest 43rd Street,,asphalt,A41,"King, WA",no,,South 180th Street,43rd,180th,,,,,SW,S,,,,,,,,,,,,,,,,,,,,,,,,,,,,,,,,,,,
w428092919,"428092919",way,,,,secondary,"3",,Des Moines Memorial Drive South,,asphalt,,,,,,,,,,,,,,,,,,,"2",,,,,,,,,"1",,left|,,,,,,,,,,,,,,,,,,
w428092920,"428092920",way,,,,secondary,"2",,Des Moines Memorial Drive South,,asphalt,,,,,,,,,,,,,,,,,,,"1",,,,,,,,,"3",,,||right,,,,,,,,,,,,,,,,,
w428092921,"428092921",way,,,,secondary,"2",,Des Moines Memorial Drive South,,asphalt,,,,,,,,,,,,,,,,,,,"1",,,,,,,,,"3",,,left||right,,,,,,,,,,,,,,,,,
w428092922,"428092922",way,,,,secondary,"2",,Des Moines Memorial Drive South,,asphalt,,,,,,,,,,,,,,,,,,,,,,,,,,,,,,,,,,,,,,,,,,,,,,,,
w428094143,"428094143",way,,,,secondary,"3",,Des Moines Memorial Drive South,,asphalt,,,,,,,,,,,,,,,,,,,,,,,,,,,,,,,,,,,,,,,,,,,,,,,,
w428094144,"428094144",way,,,,secondary,"3",,Des Moines Memorial Drive South,,asphalt,,,,,,,,,,,,,,,,,,,"1",,,,,,,,,"1",,,through,,,,,,,,,,,,,,,,,
w428094377,"428094377",way,,,,secondary,"4",35 mph,North 145th Street,,asphalt,A31,"King, WA",,,,145th,,,,,,N,,,,,,St,"3",,,,,,,,,"1",,left||,,,,,,,,,,,,,,,,,,
w428094381,"428094381",way,,,,primary,"6",35 mph,North 145th Street,,asphalt,A31,"King, WA",,no,,145th,State Route 523,,,,WA 523,N,,,,,,St,"4",,,,,,,,,"2",,left|||right,,,,,,,,,,,,,,,,,,
w428243282,"428243282",way,,,,secondary,"3",35 mph,Juanita Drive Northeast,no,asphalt,,,,,,,,,,,,,,,,,,,"2",,,,,,,,,"1",,left|,,,,,lane,,,,,,,,,,,,,
w428243283,"428243283",way,,,,secondary,"3",35 mph,Juanita Drive Northeast,no,asphalt,,,,,Juanita Drive Northeast,,,,,,,,,,,,,,"1",,,,,,,,,"2",,,|right,,,,lane,,,,,,,,,,,,,
w428243284,"428243284",way,,,,secondary,"3",35 mph,Juanita Drive Northeast,no,asphalt,,,,,,,,,,,,,,,,,,,"1",,,,,,,,,"1",,,,,,,lane,,,"1",left,,,,,,,,,
w428246845,"428246845",way,,,,secondary,"3",25 mph,Martin Luther King Junior Way,,,,,,,,,,,,,,,,designated,lane,Q8027,Empire Way South,,"1",,,,,,,,,"2",,,left|,,,,,,,,,,,,,,,,,
w428246847,"428246847",way,,,,secondary,"3",25 mph,Martin Luther King Junior Way,,concrete,,,,,,,,,,,,,,designated,lane,Q8027,Empire Way South,,"2",,,,,,,,,"1",,left|,,,,,,,,,,,,,,,,,,
w428265090,"428265090",way,,,,secondary,"4",35 mph,South 277th Street,,,A41,"King, WA",no,,South 52nd Street Northeast,277th,52nd,,,,,S,S,,,,,,"2",,,,,"1",,,,"2",NE,|right,,,,,,,,,,,,,,,,,,
w428265093,"428265093",way,,,,secondary,"5",35 mph,South 277th Street,,,A41,"King, WA",no,,South 52nd Street Northeast,277th,52nd,,,,,S,S,,,,,,"2",,,,,"1",,,,"3",NE,|right,left||,,,,,,,,,,,,,,,,,
w428265096,"428265096",way,,,,secondary,"5",35 mph,South 277th Street,,,A41,"King, WA",no,,South 52nd Street Northeast,277th,52nd,,,,,S,S,,,,,,"2",,,,,"1",,,,"3",NE,,left||,,,,,,,,,,,,,,,,,
w428265099,"428265099",way,,,,secondary,,35 mph,South 277th Street,,,A41,"King, WA",no,,South 52nd Street Northeast,277th,52nd,,,,,S,S,,,,,,,,,,,"1",,,,,NE,,,,,,,,,,,,,,,,,,,
w428285402,"428285402",way,,,,primary,"5",35 mph,Northeast 145th Street,no,asphalt,A31,"King, WA",no,,,145th,State Route 523,,,,WA 523,NE,,,,,,Street,"2",,,State Route 523,,,,,,"3",,,left||,,,,,,,,,,,,,,,,,
w428285404,"428285404",way,,,,primary,"4",35 mph,Northeast 145th Street,no,asphalt,A31,"King, WA",,,,145th,State Route 523,,,,WA 523,NE,,,,,,Street,,,,State Route 523,yes,"1",,,,,,,,,,,,,,,,,,,,,,,,
w428285405,"428285405",way,,,,primary,"6",35 mph,Northeast 145th Street,no,asphalt,A31,"King, WA",no,,,145th,State Route 523,,,,WA 523,NE,,,,,,Street,"4",,,State Route 523,,,,,,"2",,left|||right,,,,,,,,,,,,,,,,,,
w428285406,"428285406",way,,,,primary,"5",35 mph,Northeast 145th Street,no,asphalt,A31,"King, WA",no,,,145th,State Route 523,,,,WA 523,NE,,,,,,Street,"3",,,State Route 523,,,,,,"2",,left||,,,,,,,,,,,,,,,,,,
w428317207,"428317207",way,,,,primary,"4",30 mph,Northeast 145th Street,no,asphalt,A31,"King, WA",yes,,,145th,State Route 523,,,,WA 523,NE,,,,,,Street,,both,,,,,,,,,,,,,,,,,,,,,,,,,,,,
w428317208,"428317208",way,,,,primary,"5",30 mph,Northeast 145th Street,no,asphalt,A31,"King, WA",yes,,,145th,State Route 523,,,,WA 523,NE,,,,,,Street,"2",both,,,,,,,,"2",,,,,,,,,,"1",left,,,,,,,,,
w428317254,"428317254",way,"8",administrative,,,,,,,,,,,,,,,,,,,,,,,,,,,,,,,,,,,,,,,,,,,,,,,,,,,,,,,
w440126891,"440126891",way,"6",administrative,,,,,Greenwater River,,,,,,,,,,,,,,,,,,,,,,,,,,,,,,,,,,,river,,,,,,,,,,,,,,,
w440126894,"440126894",way,"6",administrative,,,,,White River,,,,,,,,,,,,,,,,,,,,,,,,,,,,,,,,,,,river,,,,,,,,,,,,,,,
w440127728,"440127728",way,"6",administrative,,,,,Greenwater River,,,,,,,,,,,,,,,,,,,,,,,,,,,,,,,,,,,river,,,,,,,,,,,,,,,
w440136392,"440136392",way,"6",administrative,,,,,,,,,,,,,,,,,,,,,,,,,,,,,,,,,,,,,,,,,,,,,,,,,,,,,,,
w440139226,"440139226",way,"6",administrative,,,,,,,,,,,,,,,,,,,,,,,,,,,,,,,,,,,,,,,,,,,,,,,,,,,,,,,
w440139229,"440139229",way,"6",administrative,,,,,,,,,,,,,,,,,,,,,,,,,,,,,,,,,,,,,,,,,,,,,,,,,,,,,,,
w444103214,"444103214",way,"8",administrative,,,,,,,,,,,,,,,,,,,,,,,,,,,,,,,,,,,,,,,,,,,,,,,,,,,,,,,
w444103217,"444103217",way,"8",administrative,,,,,,,,,,,,,,,,,,,,,,,,,,,,,,,,,,,,,,,,,,,,,,,,,,,,,,,
w444103218,"444103218",way,"8",administrative,,,,,,,,,,,,,,,,,,,,,,,,,,,,,,,,,,,,,,,,,,,,,,,,,,,,,,,
w446203021,"446203021",way,"8",administrative,,,,,,,,,,,,,,,,,,,,,,,,,,,,,,,,,,,,,,,,,,,,,,,,,,,,,,,
w446203025,"446203025",way,"8",administrative,,,,,,,,,,,,,,,,,,,,,,,,,,,,,,,,,,,,,,,,,,,,,,,,,,,,,,,
w446398167,"446398167",way,"8",administrative,,,,,,,,,,,,,,,,,,,,,,,,,,,,,,,,,,,,,,,,,,,,,,,,,,,,,,,
w446398168,"446398168",way,"8",administrative,,,,,,,,,,,,,,,,,,,,,,,,,,,,,,,,,,,,,,,,,,,,,,,,,,,,,,,
w446398169,"446398169",way,"8",administrative,,,,,,,,,,,,,,,,,,,,,,,,,,,,,,,,,,,,,,,,,,,,,,,,,,,,,,,
w446398170,"446398170",way,"8",administrative,,,,,,,,,,,,,,,,,,,,,,,,,,,,,,,,,,,,,,,,,,,,,,,,,,,,,,,
w446398172,"446398172",way,"8",administrative,,,,,,,,,,,,,,,,,,,,,,,,,,,,,,,,,,,,,,,,,,,,,,,,,,,,,,,
w446398173,"446398173",way,"8",administrative,,,,,,,,,,,,,,,,,,,,,,,,,,,,,,,,,,,,,,,,,,,,,,,,,,,,,,,
w446398174,"446398174",way,"8",administrative,,,,,,,,,,,,,,,,,,,,,,,,,,,,,,,,,,,,,,,,,,,,,,,,,,,,,,,
w446398175,"446398175",way,"8",administrative,,,,,,,,,,,,,,,,,,,,,,,,,,,,,,,,,,,,,,,,,,,,,,,,,,,,,,,
w446398176,"446398176",way,"8",administrative,,,,,,,,,,,,,,,,,,,,,,,,,,,,,,,,,,,,,,,,,,,,,,,,,,,,,,,
w446595961,"446595961",way,"6",administrative,,,,,,,,,,,,,,,,,,,,,,,,,,,,,,,,,,,,,,,,,,,,,,,,,,,,,,,
w446595962,"446595962",way,"6",administrative,,,,,,,,,,,,,,,,,,,,,,,,,,,,,,,,,,,,,,,,,,,,,,,,,,,,,,,
w446595963,"446595963",way,"6",administrative,,,,,,,,,,,,,,,,,,,,,,,,,,,,,,,,,,,,,,,,,,,,,,,,,,,,,,,
w446595964,"446595964",way,"6",administrative,,,,,,,,,,,,,,,,,,,,,,,,,,,,,,,,,,,,,,,,,,,,,,,,,,,,,,,
w446595965,"446595965",way,"6",administrative,,,,,,,,,,,,,,,,,,,,,,,,,,,,,,,,,,,,,,,,,,,,,,,,,,,,,,,
w446595967,"446595967",way,"6",administrative,,,,,,,,,,,,,,,,,,,,,,,,,,,,,,,,,,,,,,,,,,,,,,,,,,,,,,,
w446595968,"446595968",way,"6",administrative,,,,,,,,,,,,,,,,,,,,,,,,,,,,,,,,,,,,,,,,,,,,,,,,,,,,,,,
w446595969,"446595969",way,"8",administrative,,,,,,,,,,,,,,,,,,,,,,,,,,,,,,,,,,,,,,,,,,,,,,,,,,,,,,,
w446595970,"446595970",way,,,,tertiary,"2",35 mph,132nd Avenue Northeast,,,,,,,,,,,,,,,,,,,,,"1",,,,,,,,,,,,,,,,,,,,,,,,,,,,,
w446736632,"446736632",way,"8",administrative,,,,,,,,,,,,,,,,,,,,,,,,,,,,,,,,,,,,,,,,,,,,,,,,,,,,,,,
w446736633,"446736633",way,"8",administrative,,,,,,,,,,,,,,,,,,,,,,,,,,,,,,,,,,,,,,,,,,,,,,,,,,,,,,,
w446736634,"446736634",way,"8",administrative,,,,,,,,,,,,,,,,,,,,,,,,,,,,,,,,,,,,,,,,,,,,,,,,,,,,,,,
w447092403,"447092403",way,"8",administrative,,,,,,,,,,,,,,,,,,,,,,,,,,,,,,,,,,,,,,,,,,,,,,,,,,,,,,,
w447092405,"447092405",way,"8",administrative,,,,,,,,,,,,,,,,,,,,,,,,,,,,,,,,,,,,,,,,,,,,,,,,,,,,,,,
w447092406,"447092406",way,"8",administrative,,,,,,,,,,,,,,,,,,,,,,,,,,,,,,,,,,,,,,,,,,,,,,,,,,,,,,,
w447092408,"447092408",way,"8",administrative,,,,,,,,,,,,,,,,,,,,,,,,,,,,,,,,,,,,,,,,,,,,,,,,,,,,,,,
w447092410,"447092410",way,"8",administrative,,,,,,,,,,,,,,,,,,,,,,,,,,,,,,,,,,,,,,,,,,,,,,,,,,,,,,,
w447092412,"447092412",way,"8",administrative,,,,,,,,,,,,,,,,,,,,,,,,,,,,,,,,,,,,,,,,,,,,,,,,,,,,,,,
w447092414,"447092414",way,"8",administrative,,,,,,,,,,,,,,,,,,,,,,,,,,,,,,,,,,,,,,,,,,,,,,,,,,,,,,,
w447092417,"447092417",way,"8",administrative,,,,,,,,,,,,,,,,,,,,,,,,,,,,,,,,,,,,,,,,,,,,,,,,,,,,,,,
w447092418,"447092418",way,"8",administrative,,,,,,,,,,,,,,,,,,,,,,,,,,,,,,,,,,,,,,,,,,,,,,,,,,,,,,,
w447092419,"447092419",way,"8",administrative,,,,,,,,,,,,,,,,,,,,,,,,,,,,,,,,,,,,,,,,,,,,,,,,,,,,,,,
w447092420,"447092420",way,"8",administrative,,,,,,,,,,,,,,,,,,,,,,,,,,,,,,,,,,,,,,,,,,,,,,,,,,,,,,,
w447092421,"447092421",way,"8",administrative,,,,,,,,,,,,,,,,,,,,,,,,,,,,,,,,,,,,,,,,,,,,,,,,,,,,,,,
w447092422,"447092422",way,"8",administrative,,,,,,,,,,,,,,,,,,,,,,,,,,,,,,,,,,,,,,,,,,,,,,,,,,,,,,,
w447092424,"447092424",way,,,,secondary,"5",35 mph,Northeast 124th Street,,asphalt,A41,"King, WA",,,,124th,,,,,,NE,,designated,lane,,,,"2",,,,,,,,,"2",,,,,,,,,,"1",left,,,,,,,,,
w447093491,"447093491",way,"8",administrative,,,,,,,,,,,,,,,,,,,,,,,,,,,,,,,,,,,,,,,,,,,,,,,,,,,,,,,
w447105046,"447105046",way,"8",administrative,,,,,,,,,,,,,,,,,,,,,,,,,,,,,,,,,,,,,,,,,,,,,,,,,,,,,,,
w447105048,"447105048",way,"8",administrative,,,,,,,,,,,,,,,,,,,,,,,,,,,,,,,,,,,,,,,,,,,,,,,,,,,,,,,
w447105049,"447105049",way,"8",administrative,,,,,,,,,,,,,,,,,,,,,,,,,,,,,,,,,,,,,,,,,,,,,,,,,,,,,,,
w447105050,"447105050",way,"8",administrative,,,,,,,,,,,,,,,,,,,,,,,,,,,,,,,,,,,,,,,,,,,,,,,,,,,,,,,
w447105051,"447105051",way,"8",administrative,,,,,,,,,,,,,,,,,,,,,,,,,,,,,,,,,,,,,,,,,,,,,,,,,,,,,,,
w447105052,"447105052",way,"8",administrative,,,,,,,,,,,,,,,,,,,,,,,,,,,,,,,,,,,,,,,,,,,,,,,,,,,,,,,
w447107045,"447107045",way,"8",administrative,,,,,,,,,,,,,,,,,,,,,,,,,,,,,,,,,,,,,,,,,,,,,,,,,,,,,,,
w447107049,"447107049",way,"8",administrative,,,,,,,,,,,,,,,,,,,,,,,,,,,,,,,,,,,,,,,,,,,,,,,,,,,,,,,
w448895113,"448895113",way,"8",administrative,,,,,,,,,,,,,,,,,,,,,,,,,,,,,,,,,,,,,,,,,,,,,,,,,,,,,,,
w465798917,"465798917",way,,,,secondary,"4",35 mph,North 145th Street,,,A31,"King, WA",,,,145th,,,,,,N,,designated,,,,St,,,,,,,,,,,,,,,,,,,,,,,,,,,,,,
w465973020,"465973020",way,,,,primary,"5",35 mph,Northeast 145th Street,no,asphalt,A31,"King, WA",yes,,,145th,State Route 523,,,,WA 523,NE,,,,,,Street,"2",both,,,,,,,,"3",,,left||,,,,,,,,,,,,,,,,,
w465973028,"465973028",way,,,,primary,"4",30 mph,Northeast 145th Street,no,,A31,"King, WA",no,,,145th,State Route 523,,,,WA 523,NE,,,,,,Street,,,,,,,,,,,,,,,,,,,,,,,,,,,,,,
w478927455,"478927455",way,"8",administrative,coastline,,,,,,,,,,,,,,,,,,,,,,,,,,,,,,,,,,,,,,,,,,,,,,,,,,,,,,
w478927456,"478927456",way,"8",administrative,coastline,,,,,,,,,,,,,,,,,,,,,,,,,,,,,,,,,,,,,,,,,,,,,,,,,,,,,,
w486249890,"486249890",way,,,,tertiary,"4",25 mph,Northeast 145th Street,,,A31,"King, WA",no,,,145th,,,,,,NE,,,,,,Street,"3",,,,,,,,,"1",,left|through|right,,,,,,,,,,,,,,,,,,
w517819465,"517819465",way,"8",administrative,,,,,,,,,,,,,,,,,,,,,,,,,,,,,,,,,,,,,,,,,,,,,,,,,,,,,,,
w517830589,"517830589",way,"8",administrative,,,,,,,,,,,,,,,,,,,,,,,,,,,,,,,,,,,,,,,,,,,,,,,,,,,,,,,
w518089317,"518089317",way,"8",administrative,,,,,,,,,,,,,,,,,,,,,,,,,,,,,,,,,,,,,,,,,,,,,,,,,,,,,,,
w518840332,"518840332",way,"8",administrative,,,,,,,,,,,,,,,,,,,,,,,,,,,,,,,,,,,,,,,,,,,,,,,,,,,,,,,
w518840335,"518840335",way,"8",administrative,,,,,,,,,,,,,,,,,,,,,,,,,,,,,,,,,,,,,,,,,,,,,,,,,,,,,,,
w518840337,"518840337",way,"8",administrative,,,,,,,,,,,,,,,,,,,,,,,,,,,,,,,,,,,,,,,,,,,,,,,,,,,,,,,
w518841091,"518841091",way,"8",administrative,,,,,,,,,,,,,,,,,,,,,,,,,,,,,,,,,,,,,,,,,,,,,,,,,,,,,,,
w518842492,"518842492",way,"8",administrative,,,,,,,,,,,,,,,,,,,,,,,,,,,,,,,,,,,,,,,,,,,,,,,,,,,,,,,
w518892059,"518892059",way,"8",administrative,,,,,,,,,,,,,,,,,,,,,,,,,,,,,,,,,,,,,,,,,,,,,,,,,,,,,,,
w518903645,"518903645",way,"8",administrative,,,,,,,,,,,,,,,,,,,,,,,,,,,,,,,,,,,,,,,,,,,,,,,,,,,,,,,
w518903647,"518903647",way,"8",administrative,,,,,,,,,,,,,,,,,,,,,,,,,,,,,,,,,,,,,,,,,,,,,,,,,,,,,,,
w519192597,"519192597",way,"8",administrative,,,,,,,,,,,,,,,,,,,,,,,,,,,,,,,,,,,,,,,,,,,,,,,,,,,,,,,
w523512868,"523512868",way,"6",administrative,,,,,,,,,,,,,,,,,,,,,,,,,,,,,,,,,,,,,,,,,,,,,,,,,,,,,,,
w523512869,"523512869",way,,,,,,,White River,,,,,,,,,,,,,,,,,,,,,,,,,,,,,,,,,,,river,,,,,,,,,,,,,,,no
w523512870,"523512870",way,,,,,,,White River,,,,,,,,,,,,,,,,,,,,,,,,,,,,,,,,,,,river,,,,,,,,,,,,,,,no
w523512871,"523512871",way,,,,,,,White River,,,,,,,,,,,,,,,,,,,,,,,,,,,,,,,,,,,river,,,,,,,,,,,,,,,
w523512874,"523512874",way,"6",administrative,,,,,White River,,,,,,,,,,,,,,,,,,,,,,,,,,,,,,,,,,,river,,,,,,,,,,,,,,,
w523512877,"523512877",way,"6",administrative,,,,,White River,,,,,,,,,,,,,,,,,,,,,,,,,,,,,,,,,,,river,,,,,,,,,,,,,,,no
w528175344,"528175344",way,"8",administrative,,,,,,,,,,,,,,,,,,,,,,,,,,,,,,,,,,,,,,,,,,,,,,,,,,,,,,,
w528175345,"528175345",way,"8",administrative,,,,,,,,,,,,,,,,,,,,,,,,,,,,,,,,,,,,,,,,,,,,,,,,,,,,,,,
w528242316,"528242316",way,,administrative,,,,,,,,,,,,,,,,,,,,,,,,,,,,,,,,,,,,,,,,,,,,,,,,,,,,,,,
w535540393,"535540393",way,,,,tertiary,"2",25 mph,Martin Luther King Junior Way East,,,,,no,,,,,,,,,,,,,Q8027,Empire Way South,,,,,,,,,,,,,,,,,,,,,,,,,,,,,,,
w548041206,"548041206",way,"6",administrative,,,,,,,,,,,,,,,,,,,,,,,,,,,,,,,,,,,,,,,,,,,,,,,,,,,,,,,
w548041207,"548041207",way,"6",administrative,,,,,,,,,,,,,,,,,,,,,,,,,,,,,,,,,,,,,,,,,,,,,,,,,,,,,,,
w566458555,"566458555",way,,,,tertiary,"4",,Northeast Points Drive,,,A41,"King, WA",no,,,Points,,,,,,NE,,,,,,,"2",,,,,,,,,"2",,|merge_to_left,|right,,,,,,,,,,,,,,,,,
w566458556,"566458556",way,,,,tertiary,"2",,Northeast Points Drive,,asphalt,A41,"King, WA",no,,,Points,,NE,,,,NE,,,,,,,,,,,,,,,,,,,,,,,,,,,,,,,,,,,,
w566477720,"566477720",way,,,,secondary,"4",,Northup Way,,,A41,"King, WA",no,,,Northup,,,,,,,,,,,,,,,,,,,,,,,,left|,merge_to_right|,,,,,,,,,,,,,,,,,
w566477724,"566477724",way,,,,secondary,"4",,Northup Way,,,A41,"King, WA",no,,,Northup,,,,,,,,,,,,,"2",,,,,,,,,"2",,left|,left|,,,,,,,,,,,,,,,,,
w569666380,"569666380",way,,,,secondary,"4",35 mph,North 145th Street,,asphalt,A31,"King, WA",,,,145th,,,,,,N,,,,,,St,,,,,,,,,,,,,,,,,,,,,,,,,,,,,,
w569666381,"569666381",way,,,,secondary,"4",35 mph,North 145th Street,,asphalt,A31,"King, WA",,,,145th,,,,,,N,,,,,,St,,,,,,,,,,,,,,,,,,,,,,,,,,,,,,
w569666382,"569666382",way,,,,secondary,"4",35 mph,North 145th Street,,asphalt,A31,"King, WA",,,,145th,,,,,,N,,,,,,St,,,,,,,,,,,,,,,,,,,,,,,,,,,,,,
w570384358,"570384358",way,"6",administrative,,,,,,,,,,,,,,,,,,,,,,,,,,,,,,,,,,,,,,,,,,,,,,,,,,,,,county,,
w593332739,"593332739",way,"6",administrative,,,,,,,,,,,,,,,,,,,,,,,,,,,,,,,,,,,,,,,,,,,,,,,,,,,,,,,
w605079293,"605079293",way,"8",administrative,,,,,Green River,,,,,,,,,,,,,,,,,,,,,,,,,,,,,,,,,,,river,,,,,,,,,,,,,,,
w621283311,"621283311",way,,,,primary,"4",30 mph,Northeast 145th Street,no,,A31,"King, WA",yes,,,145th,State Route 523,,,,WA 523,NE,,,,,,Street,,both,,,,,,,,,,,,,,,,,,,,,,,,,,,,
w621396743,"621396743",way,,,,secondary,"2",35 mph,Des Moines Memorial Drive South,,asphalt,A41,"King, WA",,,,Des Moines Memorial,,S,,,,,,,,,,,,,,,,,,,,,,,,,,,,,,,,,,,,,,,,
w621396768,"621396768",way,,,,secondary,"2",,Des Moines Memorial Drive South,,asphalt,,,,,,,,,,,,,,,,,,,,,,,,,,,,,,,,,,,,,,,,,,,,,,,,
w622519785,"622519785",way,,,,primary,"4",35 mph,North 145th Street,,asphalt,A31,"King, WA",,no,,145th,,,,,WA 523,N,,,,,,St,,,,,,,,,,,,,,,,,,,,,,,,intersection,,,,,,
w622551014,"622551014",way,,,,primary,"4",30 mph,Northeast 145th Street,no,asphalt,A31,"King, WA",yes,,,145th,State Route 523,,,,WA 523,NE,,,,,,Street,,both,,,,,,,,,,,,,,,,,,,,,,,,,,,,
w632172986,"632172986",way,"8",administrative,,,,,Seatac,,,,,,,,,,,,,,,,,,,,,,,,,,,,,,,,,,,,,,,,,,,,,,,,,,
w654376395,"654376395",way,"8",administrative,,,,,,,,,,,,,,,,,,,,,,,,,,,,,,,,,,,,,,,,,,,,,,,,,,,,,,,
w654385404,"654385404",way,"8",administrative,,,,,,,,,,,,,,,,,,,,,,,,,,,,,,,,,,,,,,,,,,,,,,,,,,,,,,,
w666690125,"666690125",way,,,,secondary,"2",,Northup Way,,,A41,"King, WA",no,,,Northup,,,,,,,,,,,,,"1",,,,,,,,,"1",,,,,,,,,,,,,,,,,,,,
w666690128,"666690128",way,,,,secondary,"4",,Northup Way,,,A41,"King, WA",no,,,Northup,,,,,,,,,,,,,"2",,,,,,,,,"2",,left|left|through,,,,,,,,,,,,,,,,,,
w666690131,"666690131",way,,,,secondary,"3",,Northup Way,,,A41,"King, WA",no,,,Northup,,,,,,,,,,,,,"2",,,,,,,,,"1",,left|left|through,,,,,,,,,,,,,,,,,,
w666697090,"666697090",way,,,,secondary,"4",,Northup Way,,,A41,"King, WA",no,,,Northup,,,,,,,,,,,,,"3",,,,,,,,,"1",,left|left|through,,,,,,,,,,,,,,,,,,
w666697091,"666697091",way,,,,secondary,"4",,Northup Way,,,A41,"King, WA",no,,,Northup,,,,,,,,,,,,,"3",,,,,,,,,"1",,left|left|through,,,,,,,,,,,,,,,,,,
w666719208,"666719208",way,,,,tertiary,"4",,Northeast Points Drive,,,A41,"King, WA",no,,,Points,,,,,,NE,,,,,,,"2",,,,,,,,,"2",,|merge_to_left,,,,,,,,,,,,,,,,,,
w666719209,"666719209",way,,,,tertiary,"5",,Northeast Points Drive,,,A41,"King, WA",no,,,Points,,,,,,NE,,,,,,,"2",,,,,,,,,"3",,,left|through|right,,,,,,,,,,,,,,,,,
w666721188,"666721188",way,,,,tertiary,"4",,Northeast Points Drive,,,A41,"King, WA",no,,,Points,,,,,,NE,,,,,,,"2",,,,,,,,,"2",,|merge_to_left,,,,,,,,,,,,,,,,,,
w671646810,"671646810",way,,,,secondary,"2",35 mph,Des Moines Memorial Drive South,,asphalt,A41,"King, WA",,,,Des Moines Memorial,,S,,,,,,,,,,,,,,,,,,,,,,,,,,,,,,,,,,,,,,,,
w671646815,"671646815",way,,,,tertiary,,,8th Avenue South,no,asphalt,,,,,,,,,,,,,,,,,,,,,,,,,,,,,,,,,,,,,,,,,,,,,,,,
w677916419,"677916419",way,,,,primary,"4",40 mph,148th Avenue Northeast,yes,asphalt,,,,,,,,,,,,,,,,,,,,,,,,,,,,,,,,,,,,,,,,,,,,,left|left||,,,
w677916425,"677916425",way,,,,primary,"2",35 mph,148th Avenue Northeast,yes,asphalt,A41,"King, WA",no,,,148th,,NE,,,,,,,,,,,,,,,,,,,,,,,,,,,,,,,,,,,,,,,,
w718782936,"718782936",way,"8",administrative,,,,,Kent,,,,,,,,,,,,,,,,,,,,,,,,,,,,,,,,,,,,,,,,,,,,,,,,,,
w718782937,"718782937",way,,,,secondary,"4",35 mph,Southwest 43rd Street,,asphalt,A41,"King, WA",no,,South 180th Street,43rd,180th,,,,,SW,S,,,,,,,,,,,,,,,,,,,,,,,,,,,,,,,,,,,
w718782939,"718782939",way,"8",administrative,,,,,Seatac,,,,,,,,,,,,,,,,,,,,,,,,,,,,,,,,,,,,,,,,,,,,,,,,,,
w718782940,"718782940",way,"8",administrative,,,,,Seatac,,,,,,,,,,,,,,,,,,,,,,,,,,,,,,,,,,,,,,,,,,,,,,,,,,
w718782941,"718782941",way,,,,,,,Green River,,,,,,,,,,,,,,,,,,,,,,,,,,,,,,,,,,,river,,,,,,,,,,,,,,,
w718782943,"718782943",way,"8",administrative,,,,,Kent,,,,,,,,,,,,,,,,,,,,,,,,,,,,,,,,,,,,,,,,,,,,,,,,,,
w718782945,"718782945",way,"8",administrative,,,,,Kent,,,,,,,,,,,,,,,,,,,,,,,,,,,,,,,,,,,,,,,,,,,,,,,,,,
w718782946,"718782946",way,"8",administrative,,,,,Kent,,,,,,,,,,,,,,,,,,,,,,,,,,,,,,,,,,,,,,,,,,,,,,,,,,
w718782947,"718782947",way,"8",administrative,,,,,Seatac,,,,,,,,,,,,,,,,,,,,,,,,,,,,,,,,,,,,,,,,,,,,,,,,,,
w718782948,"718782948",way,,,,,,,Green River,,,,,,,,,,,,,,,,,,,,,,,,,,,,,,,,,,,river,,,,,,,,,,,,,,,
w718782949,"718782949",way,"8",administrative,,,,,Green River,,,,,,,,,,,,,,,,,,,,,,,,,,,,,,,,,,,river,,,,,,,,,,,,,,,
w732851767,"732851767",way,,,,secondary,"2",,Des Moines Memorial Drive South,,,,,,,,,,,,,,,,,,,,,,,,,,,,,,,,,,,,,,,,,,,,,,,,,,
w732851768,"732851768",way,,,,secondary,"2",,Des Moines Memorial Drive South,,,,,,,,,,,,,,,,,,,,,,,,,,,,,,,,,,,,,,,,,,,,,,,,,,
w732851769,"732851769",way,,,,secondary,"2",,Des Moines Memorial Drive South,,,,,,,,,,,,,,,,,,,,,,,,,,,,,,,,,,,,,,,,,,,,,,,,,,
w737165855,"737165855",way,"8",administrative,,,,,,,,,,,,,,,,,,,,,,,,,,,,,,,,,,,,,,,,,,,,,,,,,,,,,,,
w737470942,"737470942",way,"8",administrative,,,,,,,,,,,,,,,,,,,,,,,,,,,,,,,,,,,,,,,,,,,,,,,,,,,,,,,
w737470943,"737470943",way,"8",administrative,,,,,,,,,,,,,,,,,,,,,,,,,,,,,,,,,,,,,,,,,,,,,,,,,,,,,,,
w737660078,"737660078",way,,,,secondary,"3",,Des Moines Memorial Drive South,,asphalt,,,,,,,,,,,,,,,,,,,"2",,,,,,,,,"1",,left|,,,,,,,,,,,,,,,,,,
w737712896,"737712896",way,,,,primary,"5",30 mph,Northeast 145th Street,no,,A31,"King, WA",no,,,145th,State Route 523,,,,WA 523,NE,,,,,,Street,"2",,,,,,,,,"3",,,"left|left;through|right",,,,,,,,,,,,,,,,,
w737712899,"737712899",way,,,,primary,"5",30 mph,Northeast 145th Street,no,,A31,"King, WA",no,,,145th,State Route 523,,,,WA 523,NE,,,,,,Street,"2",,,,,,,,,"3",,,"left|left;through|right",,,,,,,,,,,,,,,,,
w737712901,"737712901",way,,,,primary,"5",30 mph,Northeast 145th Street,no,,A31,"King, WA",no,no,,145th,State Route 523,,,,WA 523,NE,,,,,,Street,"2",,,,,,,,,"3",,,"left|left;through|right",,,,,,,,,,,,,,,,,
w737712902,"737712902",way,,,,primary,"5",30 mph,Northeast 145th Street,no,,A31,"King, WA",no,,,145th,State Route 523,,,,WA 523,NE,,,,,,Street,"2",,,,,,,,,"3",,,"left|left;through|right",,,,,,,,,,,,,,,,,
w737915089,"737915089",way,,,,secondary,"6",35 mph,Southwest 43rd Street,,asphalt,A41,"King, WA",no,,South 180th Street,43rd,180th,,,,,SW,S,,,,,,"2",,,,,,,,,"4",,,left|||right,,,,,,,,,,,,,,,,,
w749549488,"749549488",way,,,,residential,,25 mph,South 164th Street,,,A41,"King, WA",,,,164th,,,,,,S,,,,,,,,,,,,,,,,,,,,,,,,,,,,,,,,,,,,
w749549489,"749549489",way,,,,tertiary,,30 mph,42nd Avenue South,,,,,,,,,,,,,,,,,,,,,,,,,,,,,,,,,,,,,,,,,,,,,,"King, WA",,,,
w755766885,"755766885",way,,,,secondary,"2",35 mph,130th Place Northeast,,,A41,"King, WA",,,,130th,,NE,,,,,,,,,,,"1",,,,,,,,,,,,,,,,,,,,,,,,,,,,,
w759778379,"759778379",way,"8",administrative,,,,,,,,,,,,,,,,,,,,,,,,,,,,,,,,,,,,,,,,,,,,,,,,,,,,,,,
w759778380,"759778380",way,"8",administrative,,,,,,,,,,,,,,,,,,,,,,,,,,,,,,,,,,,,,,,,,,,,,,,,,,,,,,,
w763494519,"763494519",way,"8",administrative,,,,,,,,,,,,,,,,,,,,,,,,,,,,,,,,,,,,,,,,,,,,,,,,,,,,,,,
w763494520,"763494520",way,"8",administrative,,,,,,,,,,,,,,,,,,,,,,,,,,,,,,,,,,,,,,,,,,,,,,,,,,,,,,,
w796560980,"796560980",way,,,,tertiary,"2",,Northeast Points Drive,,asphalt,A41,"King, WA",no,,,Points,,NE,,,,NE,,,,,,,"1",,,,,,,,,"1",,,,,,,,no,permissive,,,,,,,,,,,
w814326069,"814326069",way,"8",administrative,,,,,,,,,,,,,,,,,,,,,,,,,,,,,,,,,,,,,,,,,,,,,,,,,,,,,,,
w815616268,"815616268",way,"6",administrative,,,,,,,,,,,,,,,,,,,,,,,,,,,,,,,,,,,,,,,,,,,,,,,,,,,,,,,
w815616269,"815616269",way,"6",administrative,,,,,,,,,,,,,,,,,,,,,,,,,,,,,,,,,,,,,,,,,,,,,,,,,,,,,,,
w816631440,"816631440",way,"8",administrative,,,,,,,,,,,,,,,,,,,,,,,,,,,,,,,,,,,,,,,,,,,,,,,,,,,,,,,
w823859909,"823859909",way,"8",administrative,,,,,,,,,,,,,,,,,,,,,,,,,,,,,,,,,,,,,,,,,,,,,,,,,,,,,,,
w845535235,"845535235",way,"8",administrative,,,,,,,,,,,,,,,,,,,,,,,,,,,,,,,,,,,,,,,,,,,,,,,,,,,,,,,
w889255166,"889255166",way,,,,primary,"4",35 mph,Northeast 145th Street,no,asphalt,A31,"King, WA",no,no,,145th,State Route 523,,,,WA 523,NE,,,,,,Street,,both,,State Route 523,,,,,,,,,,,,,,,,,,,,,,,,,yes,
w893173653,"893173653",way,,,,secondary,"2",,Des Moines Memorial Drive South,,asphalt,,,,,,,,,,,,,,,,,,,,,,,,,,,,,,,,,,,,,,,,,,,,,,,,
w893173654,"893173654",way,,,,secondary,"2",,Des Moines Memorial Drive South,,asphalt,,,,,,,,,,,,,,,,,,,,,,,,,,,,,,,,,,,,,,,,,,,,,,,,
w912599281,"912599281",way,,,,tertiary,"2",25 mph,Martin Luther King Junior Way East,,,,,no,,,,,,,,,,,,,Q8027,Empire Way South,,,,,,,,,,,,,,,,,,,,,,,,,,,,,,,
w929813416,"929813416",way,"8",administrative,,,,,,,,,,,,,,,,,,,,,,,,,,,,,,,,,,,,,,,,,,,,,,,,,,,,,,,
w971651569,"971651569",way,,,,secondary,"4",35 mph,North 145th Street,,asphalt,A31,"King, WA",,,,145th,,,,,,N,,,,,,St,,,,,,,,,,,,,,,,,,,,,,,,,,,,,,
w976078321,"976078321",way,"8",administrative,,,,,,,,,,,,,,,,,,,,,,,,,,,,,,,,,,,,,,,,,,,,,,,,,,,,,,,
w978750302,"978750302",way,,,,primary,"3",35 mph,148th Avenue Northeast,yes,asphalt,A41,"King, WA",no,,,148th,,NE,,,,,,,,,,,,,,,,,,,,,,,,,,,,,,,,,,,,,,,yes,
w981547185,"981547185",way,,administrative,,,,,,,,,,,,,,,,,,,,,,,,,,,,,,,,,,,,,,,,,,,,,,,,,,,,,,,
w981547187,"981547187",way,,,,secondary,"5",35 mph,South 180th Street,,paved,A41,"King, WA",no,,,180th,,,,,,S,,,,,,,,,,,yes,"1",,,,,,,left|through|through,,,,,,,,,,,,,,,,,
w989942234,"989942234",way,,,,primary,"5",30 mph,Northeast 145th Street,no,,A31,"King, WA",no,,,145th,State Route 523,,,,WA 523,NE,,,,,,Street,"2",,,,,,,,,"3",,,"left|left;through|right",,,,,,,,,,,,,,,,,
w993462934,"993462934",way,,,,tertiary,"2",25 mph,Martin Luther King Junior Way East,,,,,,,,,,,,,,,,,,Q8027,Empire Way South,,,,,,,,,,,,,,,,,,,,,,,,,,,,,,,
w993488571,"993488571",way,,,,residential,"2",25 mph,East Denny Way,,,A41,"King, WA",no,,,Denny,,,,,,E,,,,,,Way,,,,,,,,,,,,,,,,,,,,,,,,,,,,,,
w993540917,"993540917",way,,,,secondary,"2",25 mph,Martin Luther King Junior Way,,,,,,,,,,,,,,,,designated,lane,Q8027,Empire Way South,,,,,,,,,,,,,,,,,,,,,,,,,,,,,,,
w1013660704,"1013660704",way,,,,secondary,"4",35 mph,North 145th Street,,asphalt,A31,"King, WA",,,,145th,,,,,,N,,,,,,St,,,,,,,,,,,,,,,,,,,,,,,,,,,,,,
w1013660705,"1013660705",way,,,,secondary,"4",35 mph,North 145th Street,,asphalt,A31,"King, WA",,,,145th,,,,,,N,,,,,,St,,,,,,,,,,,,,,,,,,,,,,,,,,,,,,
w1024684707,"1024684707",way,,,,residential,"1",20 mph,,yes,,,,,,,,,,,,,,,,,,,,,,,,,,,,,,,,,,,,,,,,,,,roundabout,,,,,,
w1024684708,"1024684708",way,,,,tertiary,"1",25 mph,,yes,,,,,,,,,,,,,,,,,,,,,,,,,,,,,,,,,,,,,,,,,,,circular,,,,,,
w1026908148,"1026908148",way,"8",administrative,,,,,,,,,,,,,,,,,,,,,,,,,,,,,,,,,,,,,,,,,,,,,,,,,,,,,,,
w1050086841,"1050086841",way,,,,primary,"3",40 mph,148th Avenue Northeast,yes,,A41,"King, WA",no,,,148th,,NE,,,,,,,,,,,,,,,,,,,,,,,,,,,,,,,,,,,,,left||,,,
